date,genotype,food,cond,cue,plateID,animal,response.time,pir,group,paralyzed,data_type
2019-12-20,tbh-1,OP50,Tyrosine,oct_1.0,1,1,1.4,NA,NA,,raw
2019-12-20,tbh-1,OP50,Tyrosine,oct_1.0,1,2,1.5,NA,NA,,raw
2019-12-20,tbh-1,OP50,Tyrosine,oct_1.0,1,3,1.3,NA,NA,,raw
2019-12-20,tbh-1,OP50,Tyrosine,oct_1.0,1,4,3.8,NA,NA,,raw
2019-12-20,tbh-1,OP50,Tyrosine,oct_1.0,1,5,1.8,NA,NA,,raw
2019-12-20,tbh-1,OP50,Tyrosine,oct_1.0,1,6,1.6,NA,NA,,raw
2019-12-20,tbh-1,OP50,Tyrosine,oct_1.0,1,7,3.2,NA,NA,,raw
2019-12-20,tbh-1,OP50,Tyrosine,oct_1.0,1,8,1.9,NA,NA,,raw
2019-12-20,tbh-1,OP50,Tyrosine,oct_1.0,1,9,1.5,NA,NA,,raw
2019-12-20,tbh-1,OP50,Tyrosine,oct_1.0,1,10,8,NA,NA,,raw
2019-12-20,tbh-1,OP50,Tyrosine,oct_1.0,1,11,9,NA,NA,,raw
2019-12-20,tbh-1,OP50,Tyrosine,oct_1.0,1,12,3.7,NA,NA,,raw
2019-12-20,tbh-1,OP50,Tyrosine,oct_1.0,1,13,1.3,NA,NA,,raw
2019-12-20,tbh-1,OP50,Tyrosine,oct_1.0,1,14,1.7,NA,NA,,raw
2019-12-20,tbh-1,OP50,Tyrosine,oct_1.0,1,15,3.6,NA,NA,,raw
2019-12-20,tbh-1,OP50,Tyrosine,oct_1.0,1,16,0.9,NA,NA,,raw
2019-12-20,tbh-1,OP50,Tyrosine,oct_1.0,1,17,3.2,NA,NA,,raw
2019-12-20,tbh-1,OP50,Tyrosine,oct_1.0,1,18,1.4,NA,NA,,raw
2019-12-20,tbh-1,OP50,Tyrosine,oct_1.0,1,19,3.4,NA,NA,,raw
2019-12-20,tbh-1,OP50,Tyrosine,oct_1.0,1,20,2,NA,NA,,raw
2019-12-20,tbh-1,JUb39,Tyrosine,oct_1.0,2,21,2.4,NA,NA,,raw
2019-12-20,tbh-1,JUb39,Tyrosine,oct_1.0,2,22,1.6,NA,NA,,raw
2019-12-20,tbh-1,JUb39,Tyrosine,oct_1.0,2,23,3.3,NA,NA,,raw
2019-12-20,tbh-1,JUb39,Tyrosine,oct_1.0,2,24,2.7,NA,NA,,raw
2019-12-20,tbh-1,JUb39,Tyrosine,oct_1.0,2,25,5.5,NA,NA,,raw
2019-12-20,tbh-1,JUb39,Tyrosine,oct_1.0,2,26,1,NA,NA,,raw
2019-12-20,tbh-1,JUb39,Tyrosine,oct_1.0,2,27,1.9,NA,NA,,raw
2019-12-20,tbh-1,JUb39,Tyrosine,oct_1.0,2,28,2.8,NA,NA,,raw
2019-12-20,tbh-1,JUb39,Tyrosine,oct_1.0,2,29,1.4,NA,NA,,raw
2019-12-20,tbh-1,JUb39,Tyrosine,oct_1.0,2,30,3.7,NA,NA,,raw
2019-12-20,tbh-1,JUb39,Tyrosine,oct_1.0,2,31,2.3,NA,NA,,raw
2019-12-20,tbh-1,JUb39,Tyrosine,oct_1.0,2,32,2,NA,NA,,raw
2019-12-20,tbh-1,JUb39,Tyrosine,oct_1.0,2,33,7.6,NA,NA,,raw
2019-12-20,tbh-1,JUb39,Tyrosine,oct_1.0,2,34,3.7,NA,NA,,raw
2019-12-20,tbh-1,JUb39,Tyrosine,oct_1.0,2,35,2,NA,NA,,raw
2019-12-20,tbh-1,JUb39,Tyrosine,oct_1.0,2,36,2.4,NA,NA,,raw
2019-12-20,tbh-1,JUb39,Tyrosine,oct_1.0,2,37,1.4,NA,NA,,raw
2019-12-20,tbh-1,JUb39,Tyrosine,oct_1.0,2,38,1.8,NA,NA,,raw
2019-12-20,tbh-1,JUb39,Tyrosine,oct_1.0,2,39,1.9,NA,NA,,raw
2019-12-20,tbh-1,JUb39,Tyrosine,oct_1.0,2,40,1.6,NA,NA,,raw
2019-12-20,tbh-1; ex[tbh-1p::tbh-1a],OP50,Tyrosine,oct_1.0,1,41,1.8,NA,NA,Ex6,raw
2019-12-20,tbh-1; ex[tbh-1p::tbh-1a],OP50,Tyrosine,oct_1.0,1,42,1.6,NA,NA,Ex6,raw
2019-12-20,tbh-1; ex[tbh-1p::tbh-1a],OP50,Tyrosine,oct_1.0,1,43,2.4,NA,NA,Ex6,raw
2019-12-20,tbh-1; ex[tbh-1p::tbh-1a],OP50,Tyrosine,oct_1.0,1,44,1.3,NA,NA,Ex6,raw
2019-12-20,tbh-1; ex[tbh-1p::tbh-1a],OP50,Tyrosine,oct_1.0,1,45,3.6,NA,NA,Ex6,raw
2019-12-20,tbh-1; ex[tbh-1p::tbh-1a],OP50,Tyrosine,oct_1.0,1,46,1.4,NA,NA,Ex6,raw
2019-12-20,tbh-1; ex[tbh-1p::tbh-1a],OP50,Tyrosine,oct_1.0,1,47,1.8,NA,NA,Ex6,raw
2019-12-20,tbh-1; ex[tbh-1p::tbh-1a],OP50,Tyrosine,oct_1.0,1,48,2,NA,NA,Ex6,raw
2019-12-20,tbh-1; ex[tbh-1p::tbh-1a],OP50,Tyrosine,oct_1.0,1,49,0.9,NA,NA,Ex6,raw
2019-12-20,tbh-1; ex[tbh-1p::tbh-1a],OP50,Tyrosine,oct_1.0,1,50,1.9,NA,NA,Ex6,raw
2019-12-20,tbh-1; ex[tbh-1p::tbh-1a],OP50,Tyrosine,oct_1.0,1,51,1.8,NA,NA,Ex6,raw
2019-12-20,tbh-1; ex[tbh-1p::tbh-1a],OP50,Tyrosine,oct_1.0,1,52,3.1,NA,NA,Ex6,raw
2019-12-20,tbh-1; ex[tbh-1p::tbh-1a],OP50,Tyrosine,oct_1.0,1,53,1.4,NA,NA,Ex6,raw
2019-12-20,tbh-1; ex[tbh-1p::tbh-1a],OP50,Tyrosine,oct_1.0,1,54,1.6,NA,NA,Ex6,raw
2019-12-20,tbh-1; ex[tbh-1p::tbh-1a],OP50,Tyrosine,oct_1.0,1,55,1.7,NA,NA,Ex6,raw
2019-12-20,tbh-1; ex[tbh-1p::tbh-1a],OP50,Tyrosine,oct_1.0,1,56,2.6,NA,NA,Ex6,raw
2019-12-20,tbh-1; ex[tbh-1p::tbh-1a],OP50,Tyrosine,oct_1.0,1,57,1.7,NA,NA,Ex6,raw
2019-12-20,tbh-1; ex[tbh-1p::tbh-1a],OP50,Tyrosine,oct_1.0,1,58,1,NA,NA,Ex6,raw
2019-12-20,tbh-1; ex[tbh-1p::tbh-1a],OP50,Tyrosine,oct_1.0,1,59,1.7,NA,NA,Ex6,raw
2019-12-20,tbh-1; ex[tbh-1p::tbh-1a],OP50,Tyrosine,oct_1.0,1,60,2.1,NA,NA,Ex6,raw
2019-12-20,tbh-1; ex[tbh-1p::tbh-1a],JUb39,Tyrosine,oct_1.0,2,61,8.1,NA,NA,Ex6,raw
2019-12-20,tbh-1; ex[tbh-1p::tbh-1a],JUb39,Tyrosine,oct_1.0,2,62,1.5,NA,NA,Ex6,raw
2019-12-20,tbh-1; ex[tbh-1p::tbh-1a],JUb39,Tyrosine,oct_1.0,2,63,5.2,NA,NA,Ex6,raw
2019-12-20,tbh-1; ex[tbh-1p::tbh-1a],JUb39,Tyrosine,oct_1.0,2,64,3.8,NA,NA,Ex6,raw
2019-12-20,tbh-1; ex[tbh-1p::tbh-1a],JUb39,Tyrosine,oct_1.0,2,65,2.7,NA,NA,Ex6,raw
2019-12-20,tbh-1; ex[tbh-1p::tbh-1a],JUb39,Tyrosine,oct_1.0,2,66,3.1,NA,NA,Ex6,raw
2019-12-20,tbh-1; ex[tbh-1p::tbh-1a],JUb39,Tyrosine,oct_1.0,2,67,4.4,NA,NA,Ex6,raw
2019-12-20,tbh-1; ex[tbh-1p::tbh-1a],JUb39,Tyrosine,oct_1.0,2,68,1.8,NA,NA,Ex6,raw
2019-12-20,tbh-1; ex[tbh-1p::tbh-1a],JUb39,Tyrosine,oct_1.0,2,69,5.1,NA,NA,Ex6,raw
2019-12-20,tbh-1; ex[tbh-1p::tbh-1a],JUb39,Tyrosine,oct_1.0,2,70,3.2,NA,NA,Ex6,raw
2019-12-20,tbh-1; ex[tbh-1p::tbh-1a],JUb39,Tyrosine,oct_1.0,2,71,2.4,NA,NA,Ex6,raw
2019-12-20,tbh-1; ex[tbh-1p::tbh-1a],JUb39,Tyrosine,oct_1.0,2,72,5.6,NA,NA,Ex6,raw
2019-12-20,tbh-1; ex[tbh-1p::tbh-1a],JUb39,Tyrosine,oct_1.0,2,73,1.9,NA,NA,Ex6,raw
2019-12-20,tbh-1; ex[tbh-1p::tbh-1a],JUb39,Tyrosine,oct_1.0,2,74,11.5,NA,NA,Ex6,raw
2019-12-20,tbh-1; ex[tbh-1p::tbh-1a],JUb39,Tyrosine,oct_1.0,2,75,1.6,NA,NA,Ex6,raw
2019-12-20,tbh-1; ex[tbh-1p::tbh-1a],JUb39,Tyrosine,oct_1.0,2,76,3.5,NA,NA,Ex6,raw
2019-12-20,tbh-1; ex[tbh-1p::tbh-1a],JUb39,Tyrosine,oct_1.0,2,77,8.8,NA,NA,Ex6,raw
2019-12-20,tbh-1; ex[tbh-1p::tbh-1a],JUb39,Tyrosine,oct_1.0,2,78,2.7,NA,NA,Ex6,raw
2019-12-20,tbh-1; ex[tbh-1p::tbh-1a],JUb39,Tyrosine,oct_1.0,2,79,6.2,NA,NA,Ex6,raw
2019-12-20,tbh-1; ex[tbh-1p::tbh-1a],JUb39,Tyrosine,oct_1.0,2,80,5.9,NA,NA,Ex6,raw
2019-12-20,tbh-1; ex[lim-7p::tbh-1a],OP50,Tyrosine,oct_1.0,1,81,6.1,NA,NA,,raw
2019-12-20,tbh-1; ex[lim-7p::tbh-1a],OP50,Tyrosine,oct_1.0,1,82,2.6,NA,NA,,raw
2019-12-20,tbh-1; ex[lim-7p::tbh-1a],OP50,Tyrosine,oct_1.0,1,83,1.6,NA,NA,,raw
2019-12-20,tbh-1; ex[lim-7p::tbh-1a],OP50,Tyrosine,oct_1.0,1,84,0.8,NA,NA,,raw
2019-12-20,tbh-1; ex[lim-7p::tbh-1a],OP50,Tyrosine,oct_1.0,1,85,2.3,NA,NA,,raw
2019-12-20,tbh-1; ex[lim-7p::tbh-1a],OP50,Tyrosine,oct_1.0,1,86,1.9,NA,NA,,raw
2019-12-20,tbh-1; ex[lim-7p::tbh-1a],OP50,Tyrosine,oct_1.0,1,87,1.5,NA,NA,,raw
2019-12-20,tbh-1; ex[lim-7p::tbh-1a],OP50,Tyrosine,oct_1.0,1,88,3.6,NA,NA,,raw
2019-12-20,tbh-1; ex[lim-7p::tbh-1a],OP50,Tyrosine,oct_1.0,1,89,0.8,NA,NA,,raw
2019-12-20,tbh-1; ex[lim-7p::tbh-1a],OP50,Tyrosine,oct_1.0,1,90,1.5,NA,NA,,raw
2019-12-20,tbh-1; ex[lim-7p::tbh-1a],OP50,Tyrosine,oct_1.0,1,91,0.8,NA,NA,,raw
2019-12-20,tbh-1; ex[lim-7p::tbh-1a],OP50,Tyrosine,oct_1.0,1,92,3.1,NA,NA,,raw
2019-12-20,tbh-1; ex[lim-7p::tbh-1a],OP50,Tyrosine,oct_1.0,1,93,2.8,NA,NA,,raw
2019-12-20,tbh-1; ex[lim-7p::tbh-1a],OP50,Tyrosine,oct_1.0,1,94,1.7,NA,NA,,raw
2019-12-20,tbh-1; ex[lim-7p::tbh-1a],OP50,Tyrosine,oct_1.0,1,95,2.6,NA,NA,,raw
2019-12-20,tbh-1; ex[lim-7p::tbh-1a],OP50,Tyrosine,oct_1.0,1,96,2.4,NA,NA,,raw
2019-12-20,tbh-1; ex[lim-7p::tbh-1a],OP50,Tyrosine,oct_1.0,1,97,2.7,NA,NA,,raw
2019-12-20,tbh-1; ex[lim-7p::tbh-1a],OP50,Tyrosine,oct_1.0,1,98,1.6,NA,NA,,raw
2019-12-20,tbh-1; ex[lim-7p::tbh-1a],OP50,Tyrosine,oct_1.0,1,99,1.5,NA,NA,,raw
2019-12-20,tbh-1; ex[lim-7p::tbh-1a],OP50,Tyrosine,oct_1.0,1,100,1.6,NA,NA,,raw
2019-12-20,tbh-1; ex[lim-7p::tbh-1a],JUb39,Tyrosine,oct_1.0,2,101,1.6,NA,NA,,raw
2019-12-20,tbh-1; ex[lim-7p::tbh-1a],JUb39,Tyrosine,oct_1.0,2,102,20,NA,NA,,raw
2019-12-20,tbh-1; ex[lim-7p::tbh-1a],JUb39,Tyrosine,oct_1.0,2,103,4,NA,NA,,raw
2019-12-20,tbh-1; ex[lim-7p::tbh-1a],JUb39,Tyrosine,oct_1.0,2,104,20,NA,NA,,raw
2019-12-20,tbh-1; ex[lim-7p::tbh-1a],JUb39,Tyrosine,oct_1.0,2,105,20,NA,NA,,raw
2019-12-20,tbh-1; ex[lim-7p::tbh-1a],JUb39,Tyrosine,oct_1.0,2,106,2.5,NA,NA,,raw
2019-12-20,tbh-1; ex[lim-7p::tbh-1a],JUb39,Tyrosine,oct_1.0,2,107,20,NA,NA,,raw
2019-12-20,tbh-1; ex[lim-7p::tbh-1a],JUb39,Tyrosine,oct_1.0,2,108,3.5,NA,NA,,raw
2019-12-20,tbh-1; ex[lim-7p::tbh-1a],JUb39,Tyrosine,oct_1.0,2,109,3.8,NA,NA,,raw
2019-12-20,tbh-1; ex[lim-7p::tbh-1a],JUb39,Tyrosine,oct_1.0,2,110,1.3,NA,NA,,raw
2019-12-20,tbh-1; ex[lim-7p::tbh-1a],JUb39,Tyrosine,oct_1.0,2,111,1.3,NA,NA,,raw
2019-12-20,tbh-1; ex[lim-7p::tbh-1a],JUb39,Tyrosine,oct_1.0,2,112,1.9,NA,NA,,raw
2019-12-20,tbh-1; ex[lim-7p::tbh-1a],JUb39,Tyrosine,oct_1.0,2,113,1.1,NA,NA,,raw
2019-12-20,tbh-1; ex[lim-7p::tbh-1a],JUb39,Tyrosine,oct_1.0,2,114,2.5,NA,NA,,raw
2019-12-20,tbh-1; ex[lim-7p::tbh-1a],JUb39,Tyrosine,oct_1.0,2,115,6.4,NA,NA,,raw
2019-12-20,tbh-1; ex[lim-7p::tbh-1a],JUb39,Tyrosine,oct_1.0,2,116,14.8,NA,NA,,raw
2019-12-20,tbh-1; ex[lim-7p::tbh-1a],JUb39,Tyrosine,oct_1.0,2,117,5.6,NA,NA,,raw
2019-12-20,tbh-1; ex[lim-7p::tbh-1a],JUb39,Tyrosine,oct_1.0,2,118,1.3,NA,NA,,raw
2019-12-20,tbh-1; ex[lim-7p::tbh-1a],JUb39,Tyrosine,oct_1.0,2,119,7,NA,NA,,raw
2019-12-20,tbh-1; ex[lim-7p::tbh-1a],JUb39,Tyrosine,oct_1.0,2,120,3.5,NA,NA,,raw
2019-12-20,N2,OP50,Tyrosine,oct_1.0,1,121,0.7,NA,NA,,raw
2019-12-20,N2,OP50,Tyrosine,oct_1.0,1,122,0.8,NA,NA,,raw
2019-12-20,N2,OP50,Tyrosine,oct_1.0,1,123,3.4,NA,NA,,raw
2019-12-20,N2,OP50,Tyrosine,oct_1.0,1,124,0.5,NA,NA,,raw
2019-12-20,N2,OP50,Tyrosine,oct_1.0,1,125,1.4,NA,NA,,raw
2019-12-20,N2,OP50,Tyrosine,oct_1.0,1,126,1.2,NA,NA,,raw
2019-12-20,N2,OP50,Tyrosine,oct_1.0,1,127,2.5,NA,NA,,raw
2019-12-20,N2,OP50,Tyrosine,oct_1.0,1,128,1.2,NA,NA,,raw
2019-12-20,N2,OP50,Tyrosine,oct_1.0,1,129,1.2,NA,NA,,raw
2019-12-20,N2,OP50,Tyrosine,oct_1.0,1,130,0.6,NA,NA,,raw
2019-12-20,N2,OP50,Tyrosine,oct_1.0,1,131,5.5,NA,NA,,raw
2019-12-20,N2,OP50,Tyrosine,oct_1.0,1,132,1.2,NA,NA,,raw
2019-12-20,N2,OP50,Tyrosine,oct_1.0,1,133,2.1,NA,NA,,raw
2019-12-20,N2,OP50,Tyrosine,oct_1.0,1,134,2.6,NA,NA,,raw
2019-12-20,N2,OP50,Tyrosine,oct_1.0,1,135,3.3,NA,NA,,raw
2019-12-20,N2,OP50,Tyrosine,oct_1.0,1,136,2.1,NA,NA,,raw
2019-12-20,N2,OP50,Tyrosine,oct_1.0,1,137,2.3,NA,NA,,raw
2019-12-20,N2,OP50,Tyrosine,oct_1.0,1,138,1.4,NA,NA,,raw
2019-12-20,N2,OP50,Tyrosine,oct_1.0,1,139,1.9,NA,NA,,raw
2019-12-20,N2,OP50,Tyrosine,oct_1.0,1,140,1,NA,NA,,raw
2019-12-20,N2,JUb39,Tyrosine,oct_1.0,2,141,2.6,NA,NA,,raw
2019-12-20,N2,JUb39,Tyrosine,oct_1.0,2,142,4.6,NA,NA,,raw
2019-12-20,N2,JUb39,Tyrosine,oct_1.0,2,143,20,NA,NA,,raw
2019-12-20,N2,JUb39,Tyrosine,oct_1.0,2,144,2.3,NA,NA,,raw
2019-12-20,N2,JUb39,Tyrosine,oct_1.0,2,145,10.5,NA,NA,,raw
2019-12-20,N2,JUb39,Tyrosine,oct_1.0,2,146,1.8,NA,NA,,raw
2019-12-20,N2,JUb39,Tyrosine,oct_1.0,2,147,8.2,NA,NA,,raw
2019-12-20,N2,JUb39,Tyrosine,oct_1.0,2,148,7.8,NA,NA,,raw
2019-12-20,N2,JUb39,Tyrosine,oct_1.0,2,149,1.6,NA,NA,,raw
2019-12-20,N2,JUb39,Tyrosine,oct_1.0,2,150,4.6,NA,NA,,raw
2019-12-20,N2,JUb39,Tyrosine,oct_1.0,2,151,2.3,NA,NA,,raw
2019-12-20,N2,JUb39,Tyrosine,oct_1.0,2,152,1.3,NA,NA,,raw
2019-12-20,N2,JUb39,Tyrosine,oct_1.0,2,153,4.7,NA,NA,,raw
2019-12-20,N2,JUb39,Tyrosine,oct_1.0,2,154,20,NA,NA,,raw
2019-12-20,N2,JUb39,Tyrosine,oct_1.0,2,155,20,NA,NA,,raw
2019-12-20,N2,JUb39,Tyrosine,oct_1.0,2,156,3.8,NA,NA,,raw
2019-12-20,N2,JUb39,Tyrosine,oct_1.0,2,157,3.1,NA,NA,,raw
2019-12-20,N2,JUb39,Tyrosine,oct_1.0,2,158,4.5,NA,NA,,raw
2019-12-20,N2,JUb39,Tyrosine,oct_1.0,2,159,2.8,NA,NA,,raw
2019-12-20,N2,JUb39,Tyrosine,oct_1.0,2,160,2.3,NA,NA,,raw
2019-12-20,tbh-1; ex[tbh-1p::tbh-1a],OP50,Tyrosine,oct_1.0,1,161,1,NA,NA,Ex1,raw
2019-12-20,tbh-1; ex[tbh-1p::tbh-1a],OP50,Tyrosine,oct_1.0,1,162,1.1,NA,NA,Ex1,raw
2019-12-20,tbh-1; ex[tbh-1p::tbh-1a],OP50,Tyrosine,oct_1.0,1,163,2,NA,NA,Ex1,raw
2019-12-20,tbh-1; ex[tbh-1p::tbh-1a],OP50,Tyrosine,oct_1.0,1,164,1,NA,NA,Ex1,raw
2019-12-20,tbh-1; ex[tbh-1p::tbh-1a],OP50,Tyrosine,oct_1.0,1,165,0.9,NA,NA,Ex1,raw
2019-12-20,tbh-1; ex[tbh-1p::tbh-1a],OP50,Tyrosine,oct_1.0,1,166,5.3,NA,NA,Ex1,raw
2019-12-20,tbh-1; ex[tbh-1p::tbh-1a],OP50,Tyrosine,oct_1.0,1,167,1.1,NA,NA,Ex1,raw
2019-12-20,tbh-1; ex[tbh-1p::tbh-1a],OP50,Tyrosine,oct_1.0,1,168,1.7,NA,NA,Ex1,raw
2019-12-20,tbh-1; ex[tbh-1p::tbh-1a],OP50,Tyrosine,oct_1.0,1,169,17.3,NA,NA,Ex1,raw
2019-12-20,tbh-1; ex[tbh-1p::tbh-1a],OP50,Tyrosine,oct_1.0,1,170,1.6,NA,NA,Ex1,raw
2019-12-20,tbh-1; ex[tbh-1p::tbh-1a],OP50,Tyrosine,oct_1.0,1,171,2.7,NA,NA,Ex1,raw
2019-12-20,tbh-1; ex[tbh-1p::tbh-1a],OP50,Tyrosine,oct_1.0,1,172,2.1,NA,NA,Ex1,raw
2019-12-20,tbh-1; ex[tbh-1p::tbh-1a],OP50,Tyrosine,oct_1.0,1,173,1.4,NA,NA,Ex1,raw
2019-12-20,tbh-1; ex[tbh-1p::tbh-1a],OP50,Tyrosine,oct_1.0,1,174,1.4,NA,NA,Ex1,raw
2019-12-20,tbh-1; ex[tbh-1p::tbh-1a],OP50,Tyrosine,oct_1.0,1,175,1.4,NA,NA,Ex1,raw
2019-12-20,tbh-1; ex[tbh-1p::tbh-1a],OP50,Tyrosine,oct_1.0,1,176,0.8,NA,NA,Ex1,raw
2019-12-20,tbh-1; ex[tbh-1p::tbh-1a],OP50,Tyrosine,oct_1.0,1,177,1.8,NA,NA,Ex1,raw
2019-12-20,tbh-1; ex[tbh-1p::tbh-1a],OP50,Tyrosine,oct_1.0,1,178,1.2,NA,NA,Ex1,raw
2019-12-20,tbh-1; ex[tbh-1p::tbh-1a],OP50,Tyrosine,oct_1.0,1,179,1.6,NA,NA,Ex1,raw
2019-12-20,tbh-1; ex[tbh-1p::tbh-1a],OP50,Tyrosine,oct_1.0,1,180,1.8,NA,NA,Ex1,raw
2019-12-20,tbh-1; ex[tbh-1p::tbh-1a],JUb39,Tyrosine,oct_1.0,2,181,2.7,NA,NA,Ex1,raw
2019-12-20,tbh-1; ex[tbh-1p::tbh-1a],JUb39,Tyrosine,oct_1.0,2,182,20,NA,NA,Ex1,raw
2019-12-20,tbh-1; ex[tbh-1p::tbh-1a],JUb39,Tyrosine,oct_1.0,2,183,20,NA,NA,Ex1,raw
2019-12-20,tbh-1; ex[tbh-1p::tbh-1a],JUb39,Tyrosine,oct_1.0,2,184,12.1,NA,NA,Ex1,raw
2019-12-20,tbh-1; ex[tbh-1p::tbh-1a],JUb39,Tyrosine,oct_1.0,2,185,20,NA,NA,Ex1,raw
2019-12-20,tbh-1; ex[tbh-1p::tbh-1a],JUb39,Tyrosine,oct_1.0,2,186,5.6,NA,NA,Ex1,raw
2019-12-20,tbh-1; ex[tbh-1p::tbh-1a],JUb39,Tyrosine,oct_1.0,2,187,20,NA,NA,Ex1,raw
2019-12-20,tbh-1; ex[tbh-1p::tbh-1a],JUb39,Tyrosine,oct_1.0,2,188,20,NA,NA,Ex1,raw
2019-12-20,tbh-1; ex[tbh-1p::tbh-1a],JUb39,Tyrosine,oct_1.0,2,189,2.3,NA,NA,Ex1,raw
2019-12-20,tbh-1; ex[tbh-1p::tbh-1a],JUb39,Tyrosine,oct_1.0,2,190,6.3,NA,NA,Ex1,raw
2019-12-20,tbh-1; ex[tbh-1p::tbh-1a],JUb39,Tyrosine,oct_1.0,2,191,1.4,NA,NA,Ex1,raw
2019-12-20,tbh-1; ex[tbh-1p::tbh-1a],JUb39,Tyrosine,oct_1.0,2,192,2.4,NA,NA,Ex1,raw
2019-12-20,tbh-1; ex[tbh-1p::tbh-1a],JUb39,Tyrosine,oct_1.0,2,193,5.2,NA,NA,Ex1,raw
2019-12-20,tbh-1; ex[tbh-1p::tbh-1a],JUb39,Tyrosine,oct_1.0,2,194,0.9,NA,NA,Ex1,raw
2019-12-20,tbh-1; ex[tbh-1p::tbh-1a],JUb39,Tyrosine,oct_1.0,2,195,2.1,NA,NA,Ex1,raw
2019-12-20,tbh-1; ex[tbh-1p::tbh-1a],JUb39,Tyrosine,oct_1.0,2,196,9.7,NA,NA,Ex1,raw
2019-12-20,tbh-1; ex[tbh-1p::tbh-1a],JUb39,Tyrosine,oct_1.0,2,197,12.8,NA,NA,Ex1,raw
2019-12-20,tbh-1; ex[tbh-1p::tbh-1a],JUb39,Tyrosine,oct_1.0,2,198,20,NA,NA,Ex1,raw
2019-12-20,tbh-1; ex[tbh-1p::tbh-1a],JUb39,Tyrosine,oct_1.0,2,199,5.3,NA,NA,Ex1,raw
2019-12-20,tbh-1; ex[tbh-1p::tbh-1a],JUb39,Tyrosine,oct_1.0,2,200,9.4,NA,NA,Ex1,raw
2019-12-20,tbh-1; ex[lim-7p::tbh-1a],OP50,Tyrosine,oct_1.0,1,201,1.8,NA,NA,,raw
2019-12-20,tbh-1; ex[lim-7p::tbh-1a],OP50,Tyrosine,oct_1.0,1,202,1.7,NA,NA,,raw
2019-12-20,tbh-1; ex[lim-7p::tbh-1a],OP50,Tyrosine,oct_1.0,1,203,4.2,NA,NA,,raw
2019-12-20,tbh-1; ex[lim-7p::tbh-1a],OP50,Tyrosine,oct_1.0,1,204,2.5,NA,NA,,raw
2019-12-20,tbh-1; ex[lim-7p::tbh-1a],OP50,Tyrosine,oct_1.0,1,205,4.3,NA,NA,,raw
2019-12-20,tbh-1; ex[lim-7p::tbh-1a],OP50,Tyrosine,oct_1.0,1,206,2.6,NA,NA,,raw
2019-12-20,tbh-1; ex[lim-7p::tbh-1a],OP50,Tyrosine,oct_1.0,1,207,1.8,NA,NA,,raw
2019-12-20,tbh-1; ex[lim-7p::tbh-1a],OP50,Tyrosine,oct_1.0,1,208,1.1,NA,NA,,raw
2019-12-20,tbh-1; ex[lim-7p::tbh-1a],OP50,Tyrosine,oct_1.0,1,209,1.4,NA,NA,,raw
2019-12-20,tbh-1; ex[lim-7p::tbh-1a],OP50,Tyrosine,oct_1.0,1,210,3,NA,NA,,raw
2019-12-20,tbh-1; ex[lim-7p::tbh-1a],OP50,Tyrosine,oct_1.0,1,211,1.5,NA,NA,,raw
2019-12-20,tbh-1; ex[lim-7p::tbh-1a],OP50,Tyrosine,oct_1.0,1,212,1.7,NA,NA,,raw
2019-12-20,tbh-1; ex[lim-7p::tbh-1a],OP50,Tyrosine,oct_1.0,1,213,1.8,NA,NA,,raw
2019-12-20,tbh-1; ex[lim-7p::tbh-1a],OP50,Tyrosine,oct_1.0,1,214,3.5,NA,NA,,raw
2019-12-20,tbh-1; ex[lim-7p::tbh-1a],OP50,Tyrosine,oct_1.0,1,215,3.3,NA,NA,,raw
2019-12-20,tbh-1; ex[lim-7p::tbh-1a],OP50,Tyrosine,oct_1.0,1,216,1.3,NA,NA,,raw
2019-12-20,tbh-1; ex[lim-7p::tbh-1a],OP50,Tyrosine,oct_1.0,1,217,1.9,NA,NA,,raw
2019-12-20,tbh-1; ex[lim-7p::tbh-1a],OP50,Tyrosine,oct_1.0,1,218,1,NA,NA,,raw
2019-12-20,tbh-1; ex[lim-7p::tbh-1a],OP50,Tyrosine,oct_1.0,1,219,1,NA,NA,,raw
2019-12-20,tbh-1; ex[lim-7p::tbh-1a],OP50,Tyrosine,oct_1.0,1,220,2.5,NA,NA,,raw
2019-12-20,tbh-1; ex[lim-7p::tbh-1a],JUb39,Tyrosine,oct_1.0,2,221,5.4,NA,NA,,raw
2019-12-20,tbh-1; ex[lim-7p::tbh-1a],JUb39,Tyrosine,oct_1.0,2,222,20,NA,NA,,raw
2019-12-20,tbh-1; ex[lim-7p::tbh-1a],JUb39,Tyrosine,oct_1.0,2,223,2.9,NA,NA,,raw
2019-12-20,tbh-1; ex[lim-7p::tbh-1a],JUb39,Tyrosine,oct_1.0,2,224,3.6,NA,NA,,raw
2019-12-20,tbh-1; ex[lim-7p::tbh-1a],JUb39,Tyrosine,oct_1.0,2,225,20,NA,NA,,raw
2019-12-20,tbh-1; ex[lim-7p::tbh-1a],JUb39,Tyrosine,oct_1.0,2,226,12.2,NA,NA,,raw
2019-12-20,tbh-1; ex[lim-7p::tbh-1a],JUb39,Tyrosine,oct_1.0,2,227,1,NA,NA,,raw
2019-12-20,tbh-1; ex[lim-7p::tbh-1a],JUb39,Tyrosine,oct_1.0,2,228,5.7,NA,NA,,raw
2019-12-20,tbh-1; ex[lim-7p::tbh-1a],JUb39,Tyrosine,oct_1.0,2,229,4.4,NA,NA,,raw
2019-12-20,tbh-1; ex[lim-7p::tbh-1a],JUb39,Tyrosine,oct_1.0,2,230,2.2,NA,NA,,raw
2019-12-20,tbh-1; ex[lim-7p::tbh-1a],JUb39,Tyrosine,oct_1.0,2,231,3.4,NA,NA,,raw
2019-12-20,tbh-1; ex[lim-7p::tbh-1a],JUb39,Tyrosine,oct_1.0,2,232,9.5,NA,NA,,raw
2019-12-20,tbh-1; ex[lim-7p::tbh-1a],JUb39,Tyrosine,oct_1.0,2,233,20,NA,NA,,raw
2019-12-20,tbh-1; ex[lim-7p::tbh-1a],JUb39,Tyrosine,oct_1.0,2,234,1.5,NA,NA,,raw
2019-12-20,tbh-1; ex[lim-7p::tbh-1a],JUb39,Tyrosine,oct_1.0,2,235,6,NA,NA,,raw
2019-12-20,tbh-1; ex[lim-7p::tbh-1a],JUb39,Tyrosine,oct_1.0,2,236,8.9,NA,NA,,raw
2019-12-20,tbh-1; ex[lim-7p::tbh-1a],JUb39,Tyrosine,oct_1.0,2,237,3.6,NA,NA,,raw
2019-12-20,tbh-1; ex[lim-7p::tbh-1a],JUb39,Tyrosine,oct_1.0,2,238,3.7,NA,NA,,raw
2019-12-20,tbh-1; ex[lim-7p::tbh-1a],JUb39,Tyrosine,oct_1.0,2,239,2.7,NA,NA,,raw
2019-12-20,tbh-1; ex[lim-7p::tbh-1a],JUb39,Tyrosine,oct_1.0,2,240,4.3,NA,NA,,raw
2019-12-20,cat-1(ok411),OP50,Tyrosine,oct_1.0,1,241,1.1,NA,NA,,raw
2019-12-20,cat-1(ok411),OP50,Tyrosine,oct_1.0,1,242,1.9,NA,NA,,raw
2019-12-20,cat-1(ok411),OP50,Tyrosine,oct_1.0,1,243,1,NA,NA,,raw
2019-12-20,cat-1(ok411),OP50,Tyrosine,oct_1.0,1,244,0.7,NA,NA,,raw
2019-12-20,cat-1(ok411),OP50,Tyrosine,oct_1.0,1,245,2.5,NA,NA,,raw
2019-12-20,cat-1(ok411),OP50,Tyrosine,oct_1.0,1,246,1.5,NA,NA,,raw
2019-12-20,cat-1(ok411),OP50,Tyrosine,oct_1.0,1,247,0.9,NA,NA,,raw
2019-12-20,cat-1(ok411),OP50,Tyrosine,oct_1.0,1,248,2.5,NA,NA,,raw
2019-12-20,cat-1(ok411),OP50,Tyrosine,oct_1.0,1,249,3.3,NA,NA,,raw
2019-12-20,cat-1(ok411),OP50,Tyrosine,oct_1.0,1,250,0.9,NA,NA,,raw
2019-12-20,cat-1(ok411),OP50,Tyrosine,oct_1.0,1,251,0.9,NA,NA,,raw
2019-12-20,cat-1(ok411),OP50,Tyrosine,oct_1.0,1,252,0.8,NA,NA,,raw
2019-12-20,cat-1(ok411),OP50,Tyrosine,oct_1.0,1,253,1.2,NA,NA,,raw
2019-12-20,cat-1(ok411),OP50,Tyrosine,oct_1.0,1,254,1.6,NA,NA,,raw
2019-12-20,cat-1(ok411),OP50,Tyrosine,oct_1.0,1,255,0.5,NA,NA,,raw
2019-12-20,cat-1(ok411),OP50,Tyrosine,oct_1.0,1,256,1.5,NA,NA,,raw
2019-12-20,cat-1(ok411),OP50,Tyrosine,oct_1.0,1,257,1.3,NA,NA,,raw
2019-12-20,cat-1(ok411),OP50,Tyrosine,oct_1.0,1,258,1.6,NA,NA,,raw
2019-12-20,cat-1(ok411),OP50,Tyrosine,oct_1.0,1,259,0.9,NA,NA,,raw
2019-12-20,cat-1(ok411),OP50,Tyrosine,oct_1.0,1,260,1.8,NA,NA,,raw
2019-12-20,cat-1(ok411),JUb39,Tyrosine,oct_1.0,2,261,0.9,NA,NA,,raw
2019-12-20,cat-1(ok411),JUb39,Tyrosine,oct_1.0,2,262,1.5,NA,NA,,raw
2019-12-20,cat-1(ok411),JUb39,Tyrosine,oct_1.0,2,263,0.7,NA,NA,,raw
2019-12-20,cat-1(ok411),JUb39,Tyrosine,oct_1.0,2,264,0.9,NA,NA,,raw
2019-12-20,cat-1(ok411),JUb39,Tyrosine,oct_1.0,2,265,0.6,NA,NA,,raw
2019-12-20,cat-1(ok411),JUb39,Tyrosine,oct_1.0,2,266,4,NA,NA,,raw
2019-12-20,cat-1(ok411),JUb39,Tyrosine,oct_1.0,2,267,0.9,NA,NA,,raw
2019-12-20,cat-1(ok411),JUb39,Tyrosine,oct_1.0,2,268,1.2,NA,NA,,raw
2019-12-20,cat-1(ok411),JUb39,Tyrosine,oct_1.0,2,269,1.2,NA,NA,,raw
2019-12-20,cat-1(ok411),JUb39,Tyrosine,oct_1.0,2,270,1.2,NA,NA,,raw
2019-12-20,cat-1(ok411),JUb39,Tyrosine,oct_1.0,2,271,1,NA,NA,,raw
2019-12-20,cat-1(ok411),JUb39,Tyrosine,oct_1.0,2,272,1.4,NA,NA,,raw
2019-12-20,cat-1(ok411),JUb39,Tyrosine,oct_1.0,2,273,0.4,NA,NA,,raw
2019-12-20,cat-1(ok411),JUb39,Tyrosine,oct_1.0,2,274,20,NA,NA,,raw
2019-12-20,cat-1(ok411),JUb39,Tyrosine,oct_1.0,2,275,1.3,NA,NA,,raw
2019-12-20,cat-1(ok411),JUb39,Tyrosine,oct_1.0,2,276,1.2,NA,NA,,raw
2019-12-20,cat-1(ok411),JUb39,Tyrosine,oct_1.0,2,277,1,NA,NA,,raw
2019-12-20,cat-1(ok411),JUb39,Tyrosine,oct_1.0,2,278,0.9,NA,NA,,raw
2019-12-20,cat-1(ok411),JUb39,Tyrosine,oct_1.0,2,279,1.4,NA,NA,,raw
2019-12-20,cat-1(ok411),JUb39,Tyrosine,oct_1.0,2,280,1.8,NA,NA,,raw
2019-12-21,N2,OP50,Tyrosine,oct_1.0,1,1,1.4,,,,raw
2019-12-21,N2,OP50,Tyrosine,oct_1.0,1,2,1.6,,,,raw
2019-12-21,N2,OP50,Tyrosine,oct_1.0,1,3,1.6,,,,raw
2019-12-21,N2,OP50,Tyrosine,oct_1.0,1,4,4.2,,,,raw
2019-12-21,N2,OP50,Tyrosine,oct_1.0,1,5,1.1,,,,raw
2019-12-21,N2,OP50,Tyrosine,oct_1.0,1,6,1.1,,,,raw
2019-12-21,N2,OP50,Tyrosine,oct_1.0,1,7,2.6,,,,raw
2019-12-21,N2,OP50,Tyrosine,oct_1.0,1,8,1.6,,,,raw
2019-12-21,N2,OP50,Tyrosine,oct_1.0,1,9,1.7,,,,raw
2019-12-21,N2,OP50,Tyrosine,oct_1.0,1,10,0.9,,,,raw
2019-12-21,N2,OP50,Tyrosine,oct_1.0,1,11,1.5,,,,raw
2019-12-21,N2,OP50,Tyrosine,oct_1.0,1,12,2,,,,raw
2019-12-21,N2,OP50,Tyrosine,oct_1.0,1,13,1.4,,,,raw
2019-12-21,N2,OP50,Tyrosine,oct_1.0,1,14,1.6,,,,raw
2019-12-21,N2,OP50,Tyrosine,oct_1.0,1,15,1.6,,,,raw
2019-12-21,N2,OP50,Tyrosine,oct_1.0,1,16,1.1,,,,raw
2019-12-21,N2,OP50,Tyrosine,oct_1.0,1,17,1.3,,,,raw
2019-12-21,N2,OP50,Tyrosine,oct_1.0,1,18,1.5,,,,raw
2019-12-21,N2,OP50,Tyrosine,oct_1.0,1,19,1.6,,,,raw
2019-12-21,N2,OP50,Tyrosine,oct_1.0,1,20,1.1,,,,raw
2019-12-21,N2,JUb39,Tyrosine,oct_1.0,2,1,4.6,,,,raw
2019-12-21,N2,JUb39,Tyrosine,oct_1.0,2,2,1.4,,,,raw
2019-12-21,N2,JUb39,Tyrosine,oct_1.0,2,3,1.4,,,,raw
2019-12-21,N2,JUb39,Tyrosine,oct_1.0,2,4,2.2,,,,raw
2019-12-21,N2,JUb39,Tyrosine,oct_1.0,2,5,2,,,,raw
2019-12-21,N2,JUb39,Tyrosine,oct_1.0,2,6,1.5,,,,raw
2019-12-21,N2,JUb39,Tyrosine,oct_1.0,2,7,2.5,,,,raw
2019-12-21,N2,JUb39,Tyrosine,oct_1.0,2,8,4.2,,,,raw
2019-12-21,N2,JUb39,Tyrosine,oct_1.0,2,9,1.8,,,,raw
2019-12-21,N2,JUb39,Tyrosine,oct_1.0,2,10,2.6,,,,raw
2019-12-21,N2,JUb39,Tyrosine,oct_1.0,2,11,2.8,,,,raw
2019-12-21,N2,JUb39,Tyrosine,oct_1.0,2,12,2,,,,raw
2019-12-21,N2,JUb39,Tyrosine,oct_1.0,2,13,2.3,,,,raw
2019-12-21,N2,JUb39,Tyrosine,oct_1.0,2,14,2,,,,raw
2019-12-21,N2,JUb39,Tyrosine,oct_1.0,2,15,2.5,,,,raw
2019-12-21,N2,JUb39,Tyrosine,oct_1.0,2,16,2,,,,raw
2019-12-21,N2,JUb39,Tyrosine,oct_1.0,2,17,2.3,,,,raw
2019-12-21,N2,JUb39,Tyrosine,oct_1.0,2,18,20,,,,raw
2019-12-21,N2,JUb39,Tyrosine,oct_1.0,2,19,4.2,,,,raw
2019-12-21,N2,JUb39,Tyrosine,oct_1.0,2,20,1.3,,,,raw
2019-12-21,tbh-1,OP50,Tyrosine,oct_1.0,3,1,1.2,,,,raw
2019-12-21,tbh-1,OP50,Tyrosine,oct_1.0,3,2,1.4,,,,raw
2019-12-21,tbh-1,OP50,Tyrosine,oct_1.0,3,3,1.2,,,,raw
2019-12-21,tbh-1,OP50,Tyrosine,oct_1.0,3,4,4.3,,,,raw
2019-12-21,tbh-1,OP50,Tyrosine,oct_1.0,3,5,6.3,,,,raw
2019-12-21,tbh-1,OP50,Tyrosine,oct_1.0,3,6,1.2,,,,raw
2019-12-21,tbh-1,OP50,Tyrosine,oct_1.0,3,7,1.7,,,,raw
2019-12-21,tbh-1,OP50,Tyrosine,oct_1.0,3,8,2.3,,,,raw
2019-12-21,tbh-1,OP50,Tyrosine,oct_1.0,3,9,2.3,,,,raw
2019-12-21,tbh-1,OP50,Tyrosine,oct_1.0,3,10,2,,,,raw
2019-12-21,tbh-1,OP50,Tyrosine,oct_1.0,3,11,2.6,,,,raw
2019-12-21,tbh-1,OP50,Tyrosine,oct_1.0,3,12,3.6,,,,raw
2019-12-21,tbh-1,OP50,Tyrosine,oct_1.0,3,13,2.8,,,,raw
2019-12-21,tbh-1,OP50,Tyrosine,oct_1.0,3,14,1,,,,raw
2019-12-21,tbh-1,OP50,Tyrosine,oct_1.0,3,15,1.4,,,,raw
2019-12-21,tbh-1,OP50,Tyrosine,oct_1.0,3,16,2.1,,,,raw
2019-12-21,tbh-1,OP50,Tyrosine,oct_1.0,3,17,2.1,,,,raw
2019-12-21,tbh-1,OP50,Tyrosine,oct_1.0,3,18,1.6,,,,raw
2019-12-21,tbh-1,OP50,Tyrosine,oct_1.0,3,19,2.2,,,,raw
2019-12-21,tbh-1,OP50,Tyrosine,oct_1.0,3,20,1.2,,,,raw
2019-12-21,tbh-1,JUb39,Tyrosine,oct_1.0,4,1,1.9,,,,raw
2019-12-21,tbh-1,JUb39,Tyrosine,oct_1.0,4,2,0.8,,,,raw
2019-12-21,tbh-1,JUb39,Tyrosine,oct_1.0,4,3,1.1,,,,raw
2019-12-21,tbh-1,JUb39,Tyrosine,oct_1.0,4,4,11.3,,,,raw
2019-12-21,tbh-1,JUb39,Tyrosine,oct_1.0,4,5,2.3,,,,raw
2019-12-21,tbh-1,JUb39,Tyrosine,oct_1.0,4,6,11.2,,,,raw
2019-12-21,tbh-1,JUb39,Tyrosine,oct_1.0,4,7,20,,,,raw
2019-12-21,tbh-1,JUb39,Tyrosine,oct_1.0,4,8,2.8,,,,raw
2019-12-21,tbh-1,JUb39,Tyrosine,oct_1.0,4,9,20,,,,raw
2019-12-21,tbh-1,JUb39,Tyrosine,oct_1.0,4,10,4.1,,,,raw
2019-12-21,tbh-1,JUb39,Tyrosine,oct_1.0,4,11,3.7,,,,raw
2019-12-21,tbh-1,JUb39,Tyrosine,oct_1.0,4,12,5.1,,,,raw
2019-12-21,tbh-1,JUb39,Tyrosine,oct_1.0,4,13,2.5,,,,raw
2019-12-21,tbh-1,JUb39,Tyrosine,oct_1.0,4,14,1.2,,,,raw
2019-12-21,tbh-1,JUb39,Tyrosine,oct_1.0,4,15,1.2,,,,raw
2019-12-21,tbh-1,JUb39,Tyrosine,oct_1.0,4,16,20,,,,raw
2019-12-21,tbh-1,JUb39,Tyrosine,oct_1.0,4,17,3.5,,,,raw
2019-12-21,tbh-1,JUb39,Tyrosine,oct_1.0,4,18,1.6,,,,raw
2019-12-21,tbh-1,JUb39,Tyrosine,oct_1.0,4,19,3.6,,,,raw
2019-12-21,tbh-1,JUb39,Tyrosine,oct_1.0,4,20,1.4,,,,raw
2019-12-21,tbh-1; ex[tbh-1p::tbh-1a],OP50,Tyrosine,oct_1.0,5,1,2.1,,Ex6,,raw
2019-12-21,tbh-1; ex[tbh-1p::tbh-1a],OP50,Tyrosine,oct_1.0,5,2,1.3,,Ex6,,raw
2019-12-21,tbh-1; ex[tbh-1p::tbh-1a],OP50,Tyrosine,oct_1.0,5,3,1.9,,Ex6,,raw
2019-12-21,tbh-1; ex[tbh-1p::tbh-1a],OP50,Tyrosine,oct_1.0,5,4,0.7,,Ex6,,raw
2019-12-21,tbh-1; ex[tbh-1p::tbh-1a],OP50,Tyrosine,oct_1.0,5,5,1.6,,Ex6,,raw
2019-12-21,tbh-1; ex[tbh-1p::tbh-1a],OP50,Tyrosine,oct_1.0,5,6,1.7,,Ex6,,raw
2019-12-21,tbh-1; ex[tbh-1p::tbh-1a],OP50,Tyrosine,oct_1.0,5,7,1.8,,Ex6,,raw
2019-12-21,tbh-1; ex[tbh-1p::tbh-1a],OP50,Tyrosine,oct_1.0,5,8,2.7,,Ex6,,raw
2019-12-21,tbh-1; ex[tbh-1p::tbh-1a],OP50,Tyrosine,oct_1.0,5,9,3,,Ex6,,raw
2019-12-21,tbh-1; ex[tbh-1p::tbh-1a],OP50,Tyrosine,oct_1.0,5,10,1.1,,Ex6,,raw
2019-12-21,tbh-1; ex[tbh-1p::tbh-1a],OP50,Tyrosine,oct_1.0,5,11,1.1,,Ex6,,raw
2019-12-21,tbh-1; ex[tbh-1p::tbh-1a],OP50,Tyrosine,oct_1.0,5,12,2.1,,Ex6,,raw
2019-12-21,tbh-1; ex[tbh-1p::tbh-1a],OP50,Tyrosine,oct_1.0,5,13,1.6,,Ex6,,raw
2019-12-21,tbh-1; ex[tbh-1p::tbh-1a],OP50,Tyrosine,oct_1.0,5,14,2,,Ex6,,raw
2019-12-21,tbh-1; ex[tbh-1p::tbh-1a],OP50,Tyrosine,oct_1.0,5,15,1.5,,Ex6,,raw
2019-12-21,tbh-1; ex[tbh-1p::tbh-1a],OP50,Tyrosine,oct_1.0,5,16,1.4,,Ex6,,raw
2019-12-21,tbh-1; ex[tbh-1p::tbh-1a],OP50,Tyrosine,oct_1.0,5,17,2,,Ex6,,raw
2019-12-21,tbh-1; ex[tbh-1p::tbh-1a],OP50,Tyrosine,oct_1.0,5,18,0.7,,Ex6,,raw
2019-12-21,tbh-1; ex[tbh-1p::tbh-1a],OP50,Tyrosine,oct_1.0,5,19,0.6,,Ex6,,raw
2019-12-21,tbh-1; ex[tbh-1p::tbh-1a],OP50,Tyrosine,oct_1.0,5,20,1.4,,Ex6,,raw
2019-12-21,tbh-1; ex[tbh-1p::tbh-1a],JUb39,Tyrosine,oct_1.0,6,1,5.5,,Ex6,,raw
2019-12-21,tbh-1; ex[tbh-1p::tbh-1a],JUb39,Tyrosine,oct_1.0,6,2,2.3,,Ex6,,raw
2019-12-21,tbh-1; ex[tbh-1p::tbh-1a],JUb39,Tyrosine,oct_1.0,6,3,2.2,,Ex6,,raw
2019-12-21,tbh-1; ex[tbh-1p::tbh-1a],JUb39,Tyrosine,oct_1.0,6,4,4.7,,Ex6,,raw
2019-12-21,tbh-1; ex[tbh-1p::tbh-1a],JUb39,Tyrosine,oct_1.0,6,5,1.9,,Ex6,,raw
2019-12-21,tbh-1; ex[tbh-1p::tbh-1a],JUb39,Tyrosine,oct_1.0,6,6,2.9,,Ex6,,raw
2019-12-21,tbh-1; ex[tbh-1p::tbh-1a],JUb39,Tyrosine,oct_1.0,6,7,2.5,,Ex6,,raw
2019-12-21,tbh-1; ex[tbh-1p::tbh-1a],JUb39,Tyrosine,oct_1.0,6,8,4.5,,Ex6,,raw
2019-12-21,tbh-1; ex[tbh-1p::tbh-1a],JUb39,Tyrosine,oct_1.0,6,9,20,,Ex6,,raw
2019-12-21,tbh-1; ex[tbh-1p::tbh-1a],JUb39,Tyrosine,oct_1.0,6,10,8.8,,Ex6,,raw
2019-12-21,tbh-1; ex[tbh-1p::tbh-1a],JUb39,Tyrosine,oct_1.0,6,11,1.4,,Ex6,,raw
2019-12-21,tbh-1; ex[tbh-1p::tbh-1a],JUb39,Tyrosine,oct_1.0,6,12,2.4,,Ex6,,raw
2019-12-21,tbh-1; ex[tbh-1p::tbh-1a],JUb39,Tyrosine,oct_1.0,6,13,2.5,,Ex6,,raw
2019-12-21,tbh-1; ex[tbh-1p::tbh-1a],JUb39,Tyrosine,oct_1.0,6,14,2.5,,Ex6,,raw
2019-12-21,tbh-1; ex[tbh-1p::tbh-1a],JUb39,Tyrosine,oct_1.0,6,15,20,,Ex6,,raw
2019-12-21,tbh-1; ex[tbh-1p::tbh-1a],JUb39,Tyrosine,oct_1.0,6,16,20,,Ex6,,raw
2019-12-21,tbh-1; ex[tbh-1p::tbh-1a],JUb39,Tyrosine,oct_1.0,6,17,2,,Ex6,,raw
2019-12-21,tbh-1; ex[tbh-1p::tbh-1a],JUb39,Tyrosine,oct_1.0,6,18,2.2,,Ex6,,raw
2019-12-21,tbh-1; ex[tbh-1p::tbh-1a],JUb39,Tyrosine,oct_1.0,6,19,3.2,,Ex6,,raw
2019-12-21,tbh-1; ex[tbh-1p::tbh-1a],JUb39,Tyrosine,oct_1.0,6,20,4.5,,Ex6,,raw
2019-12-21,tbh-1; ex[tbh-1p::tbh-1a],OP50,Tyrosine,oct_1.0,7,1,1.6,,Ex1,,raw
2019-12-21,tbh-1; ex[tbh-1p::tbh-1a],OP50,Tyrosine,oct_1.0,7,2,1.8,,Ex1,,raw
2019-12-21,tbh-1; ex[tbh-1p::tbh-1a],OP50,Tyrosine,oct_1.0,7,3,0.9,,Ex1,,raw
2019-12-21,tbh-1; ex[tbh-1p::tbh-1a],OP50,Tyrosine,oct_1.0,7,4,1.8,,Ex1,,raw
2019-12-21,tbh-1; ex[tbh-1p::tbh-1a],OP50,Tyrosine,oct_1.0,7,5,1.2,,Ex1,,raw
2019-12-21,tbh-1; ex[tbh-1p::tbh-1a],OP50,Tyrosine,oct_1.0,7,6,4.1,,Ex1,,raw
2019-12-21,tbh-1; ex[tbh-1p::tbh-1a],OP50,Tyrosine,oct_1.0,7,7,0.8,,Ex1,,raw
2019-12-21,tbh-1; ex[tbh-1p::tbh-1a],OP50,Tyrosine,oct_1.0,7,8,2.6,,Ex1,,raw
2019-12-21,tbh-1; ex[tbh-1p::tbh-1a],OP50,Tyrosine,oct_1.0,7,9,0.9,,Ex1,,raw
2019-12-21,tbh-1; ex[tbh-1p::tbh-1a],OP50,Tyrosine,oct_1.0,7,10,2.8,,Ex1,,raw
2019-12-21,tbh-1; ex[tbh-1p::tbh-1a],OP50,Tyrosine,oct_1.0,7,11,1.6,,Ex1,,raw
2019-12-21,tbh-1; ex[tbh-1p::tbh-1a],OP50,Tyrosine,oct_1.0,7,12,0.7,,Ex1,,raw
2019-12-21,tbh-1; ex[tbh-1p::tbh-1a],OP50,Tyrosine,oct_1.0,7,13,1.6,,Ex1,,raw
2019-12-21,tbh-1; ex[tbh-1p::tbh-1a],OP50,Tyrosine,oct_1.0,7,14,1.6,,Ex1,,raw
2019-12-21,tbh-1; ex[tbh-1p::tbh-1a],OP50,Tyrosine,oct_1.0,7,15,0.7,,Ex1,,raw
2019-12-21,tbh-1; ex[tbh-1p::tbh-1a],OP50,Tyrosine,oct_1.0,7,16,1.2,,Ex1,,raw
2019-12-21,tbh-1; ex[tbh-1p::tbh-1a],OP50,Tyrosine,oct_1.0,7,17,4.8,,Ex1,,raw
2019-12-21,tbh-1; ex[tbh-1p::tbh-1a],OP50,Tyrosine,oct_1.0,7,18,1,,Ex1,,raw
2019-12-21,tbh-1; ex[tbh-1p::tbh-1a],OP50,Tyrosine,oct_1.0,7,19,0.8,,Ex1,,raw
2019-12-21,tbh-1; ex[tbh-1p::tbh-1a],OP50,Tyrosine,oct_1.0,7,20,1.4,,Ex1,,raw
2019-12-21,tbh-1; ex[tbh-1p::tbh-1a],JUb39,Tyrosine,oct_1.0,8,1,3.7,,Ex1,,raw
2019-12-21,tbh-1; ex[tbh-1p::tbh-1a],JUb39,Tyrosine,oct_1.0,8,2,2.1,,Ex1,,raw
2019-12-21,tbh-1; ex[tbh-1p::tbh-1a],JUb39,Tyrosine,oct_1.0,8,3,1.5,,Ex1,,raw
2019-12-21,tbh-1; ex[tbh-1p::tbh-1a],JUb39,Tyrosine,oct_1.0,8,4,4.6,,Ex1,,raw
2019-12-21,tbh-1; ex[tbh-1p::tbh-1a],JUb39,Tyrosine,oct_1.0,8,5,1.4,,Ex1,,raw
2019-12-21,tbh-1; ex[tbh-1p::tbh-1a],JUb39,Tyrosine,oct_1.0,8,6,3.6,,Ex1,,raw
2019-12-21,tbh-1; ex[tbh-1p::tbh-1a],JUb39,Tyrosine,oct_1.0,8,7,4.1,,Ex1,,raw
2019-12-21,tbh-1; ex[tbh-1p::tbh-1a],JUb39,Tyrosine,oct_1.0,8,8,1.6,,Ex1,,raw
2019-12-21,tbh-1; ex[tbh-1p::tbh-1a],JUb39,Tyrosine,oct_1.0,8,9,2.6,,Ex1,,raw
2019-12-21,tbh-1; ex[tbh-1p::tbh-1a],JUb39,Tyrosine,oct_1.0,8,10,20,,Ex1,,raw
2019-12-21,tbh-1; ex[tbh-1p::tbh-1a],JUb39,Tyrosine,oct_1.0,8,11,20,,Ex1,,raw
2019-12-21,tbh-1; ex[tbh-1p::tbh-1a],JUb39,Tyrosine,oct_1.0,8,12,2.7,,Ex1,,raw
2019-12-21,tbh-1; ex[tbh-1p::tbh-1a],JUb39,Tyrosine,oct_1.0,8,13,1.7,,Ex1,,raw
2019-12-21,tbh-1; ex[tbh-1p::tbh-1a],JUb39,Tyrosine,oct_1.0,8,14,7.3,,Ex1,,raw
2019-12-21,tbh-1; ex[tbh-1p::tbh-1a],JUb39,Tyrosine,oct_1.0,8,15,1.5,,Ex1,,raw
2019-12-21,tbh-1; ex[tbh-1p::tbh-1a],JUb39,Tyrosine,oct_1.0,8,16,1.7,,Ex1,,raw
2019-12-21,tbh-1; ex[tbh-1p::tbh-1a],JUb39,Tyrosine,oct_1.0,8,17,20,,Ex1,,raw
2019-12-21,tbh-1; ex[tbh-1p::tbh-1a],JUb39,Tyrosine,oct_1.0,8,18,5.2,,Ex1,,raw
2019-12-21,tbh-1; ex[tbh-1p::tbh-1a],JUb39,Tyrosine,oct_1.0,8,19,1.7,,Ex1,,raw
2019-12-21,tbh-1; ex[tbh-1p::tbh-1a],JUb39,Tyrosine,oct_1.0,8,20,3.1,,Ex1,,raw
2019-12-21,tbh-1; ex[tbh-1p::tbh-1a],OP50,Tyrosine,oct_1.0,9,1,2.2,,,,raw
2019-12-21,tbh-1; ex[tbh-1p::tbh-1a],OP50,Tyrosine,oct_1.0,9,2,3,,,,raw
2019-12-21,cat-1(ok411),OP50,Tyrosine,oct_1.0,9,3,1,,,,raw
2019-12-21,cat-1(ok411),OP50,Tyrosine,oct_1.0,9,4,1,,,,raw
2019-12-21,cat-1(ok411),OP50,Tyrosine,oct_1.0,9,5,1.7,,,,raw
2019-12-21,cat-1(ok411),OP50,Tyrosine,oct_1.0,9,6,1.6,,,,raw
2019-12-21,cat-1(ok411),OP50,Tyrosine,oct_1.0,9,7,1.2,,,,raw
2019-12-21,cat-1(ok411),OP50,Tyrosine,oct_1.0,9,8,1.9,,,,raw
2019-12-21,cat-1(ok411),OP50,Tyrosine,oct_1.0,9,9,1.6,,,,raw
2019-12-21,cat-1(ok411),OP50,Tyrosine,oct_1.0,9,10,2.1,,,,raw
2019-12-21,cat-1(ok411),OP50,Tyrosine,oct_1.0,9,11,2,,,,raw
2019-12-21,cat-1(ok411),OP50,Tyrosine,oct_1.0,9,12,1,,,,raw
2019-12-21,cat-1(ok411),OP50,Tyrosine,oct_1.0,9,13,2.4,,,,raw
2019-12-21,cat-1(ok411),OP50,Tyrosine,oct_1.0,9,14,1.1,,,,raw
2019-12-21,cat-1(ok411),OP50,Tyrosine,oct_1.0,9,15,1.2,,,,raw
2019-12-21,cat-1(ok411),OP50,Tyrosine,oct_1.0,9,16,1.4,,,,raw
2019-12-21,cat-1(ok411),OP50,Tyrosine,oct_1.0,9,17,2.1,,,,raw
2019-12-21,cat-1(ok411),OP50,Tyrosine,oct_1.0,9,18,1.3,,,,raw
2019-12-21,cat-1(ok411),OP50,Tyrosine,oct_1.0,9,19,1.5,,,,raw
2019-12-21,cat-1(ok411),OP50,Tyrosine,oct_1.0,9,20,1.1,,,,raw
2019-12-21,cat-1(ok411),JUb39,Tyrosine,oct_1.0,10,1,1.4,,,,raw
2019-12-21,cat-1(ok411),JUb39,Tyrosine,oct_1.0,10,2,20,,,,raw
2019-12-21,cat-1(ok411),JUb39,Tyrosine,oct_1.0,10,3,1.6,,,,raw
2019-12-21,cat-1(ok411),JUb39,Tyrosine,oct_1.0,10,4,20,,,,raw
2019-12-21,cat-1(ok411),JUb39,Tyrosine,oct_1.0,10,5,0.9,,,,raw
2019-12-21,cat-1(ok411),JUb39,Tyrosine,oct_1.0,10,6,0.8,,,,raw
2019-12-21,cat-1(ok411),JUb39,Tyrosine,oct_1.0,10,7,20,,,,raw
2019-12-21,cat-1(ok411),JUb39,Tyrosine,oct_1.0,10,8,11.8,,,,raw
2019-12-21,cat-1(ok411),JUb39,Tyrosine,oct_1.0,10,9,2.1,,,,raw
2019-12-21,cat-1(ok411),JUb39,Tyrosine,oct_1.0,10,10,1.5,,,,raw
2019-12-21,cat-1(ok411),JUb39,Tyrosine,oct_1.0,10,11,2.5,,,,raw
2019-12-21,cat-1(ok411),JUb39,Tyrosine,oct_1.0,10,12,1.6,,,,raw
2019-12-21,cat-1(ok411),JUb39,Tyrosine,oct_1.0,10,13,1.5,,,,raw
2019-12-21,cat-1(ok411),JUb39,Tyrosine,oct_1.0,10,14,1.4,,,,raw
2019-12-21,cat-1(ok411),JUb39,Tyrosine,oct_1.0,10,15,1.2,,,,raw
2019-12-21,cat-1(ok411),JUb39,Tyrosine,oct_1.0,10,16,1.5,,,,raw
2019-12-21,cat-1(ok411),JUb39,Tyrosine,oct_1.0,10,17,3.1,,,,raw
2019-12-21,cat-1(ok411),JUb39,Tyrosine,oct_1.0,10,18,2.2,,,,raw
2019-12-21,cat-1(ok411),JUb39,Tyrosine,oct_1.0,10,19,1.7,,,,raw
2019-12-22,cat-1(ok411),JUb39,Tyrosine,oct_1.0,10,20,1.7,,,,raw
2019-12-22,N2,OP50,Tyrosine,oct_1.0,1,1,1.3,,,,raw
2019-12-22,N2,OP50,Tyrosine,oct_1.0,1,2,2.2,,,,raw
2019-12-22,N2,OP50,Tyrosine,oct_1.0,1,3,2,,,,raw
2019-12-22,N2,OP50,Tyrosine,oct_1.0,1,4,1,,,,raw
2019-12-22,N2,OP50,Tyrosine,oct_1.0,1,5,1.3,,,,raw
2019-12-22,N2,OP50,Tyrosine,oct_1.0,1,6,3.5,,,,raw
2019-12-22,N2,OP50,Tyrosine,oct_1.0,1,7,1.7,,,,raw
2019-12-22,N2,OP50,Tyrosine,oct_1.0,1,8,4.1,,,,raw
2019-12-22,N2,OP50,Tyrosine,oct_1.0,1,9,0.5,,,,raw
2019-12-22,N2,OP50,Tyrosine,oct_1.0,1,10,0.7,,,,raw
2019-12-22,N2,OP50,Tyrosine,oct_1.0,1,11,0.9,,,,raw
2019-12-22,N2,OP50,Tyrosine,oct_1.0,1,12,0.6,,,,raw
2019-12-22,N2,OP50,Tyrosine,oct_1.0,1,13,1.7,,,,raw
2019-12-22,N2,OP50,Tyrosine,oct_1.0,1,14,2.9,,,,raw
2019-12-22,N2,OP50,Tyrosine,oct_1.0,1,15,0.8,,,,raw
2019-12-22,N2,OP50,Tyrosine,oct_1.0,1,16,1,,,,raw
2019-12-22,N2,OP50,Tyrosine,oct_1.0,1,17,1,,,,raw
2019-12-22,N2,OP50,Tyrosine,oct_1.0,1,18,1.7,,,,raw
2019-12-22,N2,OP50,Tyrosine,oct_1.0,1,19,4.5,,,,raw
2019-12-22,N2,OP50,Tyrosine,oct_1.0,1,20,2.3,,,,raw
2019-12-22,N2,JUb39,Tyrosine,oct_1.0,2,1,3.9,,,,raw
2019-12-22,N2,JUb39,Tyrosine,oct_1.0,2,2,20,,,,raw
2019-12-22,N2,JUb39,Tyrosine,oct_1.0,2,3,20,,,,raw
2019-12-22,N2,JUb39,Tyrosine,oct_1.0,2,4,20,,,,raw
2019-12-22,N2,JUb39,Tyrosine,oct_1.0,2,5,20,,,,raw
2019-12-22,N2,JUb39,Tyrosine,oct_1.0,2,6,2.2,,,,raw
2019-12-22,N2,JUb39,Tyrosine,oct_1.0,2,7,20,,,,raw
2019-12-22,N2,JUb39,Tyrosine,oct_1.0,2,8,20,,,,raw
2019-12-22,N2,JUb39,Tyrosine,oct_1.0,2,9,11.3,,,,raw
2019-12-22,N2,JUb39,Tyrosine,oct_1.0,2,10,6.2,,,,raw
2019-12-22,N2,JUb39,Tyrosine,oct_1.0,2,11,20,,,,raw
2019-12-22,N2,JUb39,Tyrosine,oct_1.0,2,12,20,,,,raw
2019-12-22,N2,JUb39,Tyrosine,oct_1.0,2,13,5.5,,,,raw
2019-12-22,N2,JUb39,Tyrosine,oct_1.0,2,14,5.4,,,,raw
2019-12-22,N2,JUb39,Tyrosine,oct_1.0,2,15,4.3,,,,raw
2019-12-22,N2,JUb39,Tyrosine,oct_1.0,2,16,6.7,,,,raw
2019-12-22,N2,JUb39,Tyrosine,oct_1.0,2,17,4.5,,,,raw
2019-12-22,N2,JUb39,Tyrosine,oct_1.0,2,18,4.2,,,,raw
2019-12-22,N2,JUb39,Tyrosine,oct_1.0,2,19,2.4,,,,raw
2019-12-22,N2,JUb39,Tyrosine,oct_1.0,2,20,3.7,,,,raw
2019-12-22,tbh-1,OP50,Tyrosine,oct_1.0,3,1,6.2,,,,raw
2019-12-22,tbh-1,OP50,Tyrosine,oct_1.0,3,2,4.7,,,,raw
2019-12-22,tbh-1,OP50,Tyrosine,oct_1.0,3,3,8.7,,,,raw
2019-12-22,tbh-1,OP50,Tyrosine,oct_1.0,3,4,1,,,,raw
2019-12-22,tbh-1,OP50,Tyrosine,oct_1.0,3,5,7.5,,,,raw
2019-12-22,tbh-1,OP50,Tyrosine,oct_1.0,3,6,4.2,,,,raw
2019-12-22,tbh-1,OP50,Tyrosine,oct_1.0,3,7,3.4,,,,raw
2019-12-22,tbh-1,OP50,Tyrosine,oct_1.0,3,8,1.5,,,,raw
2019-12-22,tbh-1,OP50,Tyrosine,oct_1.0,3,9,2.8,,,,raw
2019-12-22,tbh-1,OP50,Tyrosine,oct_1.0,3,10,20,,,,raw
2019-12-22,tbh-1,OP50,Tyrosine,oct_1.0,3,11,1.2,,,,raw
2019-12-22,tbh-1,OP50,Tyrosine,oct_1.0,3,12,2.9,,,,raw
2019-12-22,tbh-1,OP50,Tyrosine,oct_1.0,3,13,2.9,,,,raw
2019-12-22,tbh-1,OP50,Tyrosine,oct_1.0,3,14,2.8,,,,raw
2019-12-22,tbh-1,OP50,Tyrosine,oct_1.0,3,15,2.3,,,,raw
2019-12-22,tbh-1,OP50,Tyrosine,oct_1.0,3,16,5.6,,,,raw
2019-12-22,tbh-1,OP50,Tyrosine,oct_1.0,3,17,3.8,,,,raw
2019-12-22,tbh-1,OP50,Tyrosine,oct_1.0,3,18,5,,,,raw
2019-12-22,tbh-1,OP50,Tyrosine,oct_1.0,3,19,2.2,,,,raw
2019-12-22,tbh-1,OP50,Tyrosine,oct_1.0,3,20,3.6,,,,raw
2019-12-22,tbh-1,JUb39,Tyrosine,oct_1.0,4,1,4.8,,,,raw
2019-12-22,tbh-1,JUb39,Tyrosine,oct_1.0,4,2,20,,,,raw
2019-12-22,tbh-1,JUb39,Tyrosine,oct_1.0,4,3,20,,,,raw
2019-12-22,tbh-1,JUb39,Tyrosine,oct_1.0,4,4,15.6,,,,raw
2019-12-22,tbh-1,JUb39,Tyrosine,oct_1.0,4,5,5.3,,,,raw
2019-12-22,tbh-1,JUb39,Tyrosine,oct_1.0,4,6,9.2,,,,raw
2019-12-22,tbh-1,JUb39,Tyrosine,oct_1.0,4,7,4.3,,,,raw
2019-12-22,tbh-1,JUb39,Tyrosine,oct_1.0,4,8,3.1,,,,raw
2019-12-22,tbh-1,JUb39,Tyrosine,oct_1.0,4,9,20,,,,raw
2019-12-22,tbh-1,JUb39,Tyrosine,oct_1.0,4,10,5,,,,raw
2019-12-22,tbh-1,JUb39,Tyrosine,oct_1.0,4,11,20,,,,raw
2019-12-22,tbh-1,JUb39,Tyrosine,oct_1.0,4,12,4.4,,,,raw
2019-12-22,tbh-1,JUb39,Tyrosine,oct_1.0,4,13,5,,,,raw
2019-12-22,tbh-1,JUb39,Tyrosine,oct_1.0,4,14,20,,,,raw
2019-12-22,tbh-1,JUb39,Tyrosine,oct_1.0,4,15,2.3,,,,raw
2019-12-22,tbh-1,JUb39,Tyrosine,oct_1.0,4,16,2.3,,,,raw
2019-12-22,tbh-1,JUb39,Tyrosine,oct_1.0,4,17,3.9,,,,raw
2019-12-22,tbh-1,JUb39,Tyrosine,oct_1.0,4,18,5.3,,,,raw
2019-12-22,tbh-1,JUb39,Tyrosine,oct_1.0,4,19,4.7,,,,raw
2019-12-22,tbh-1,JUb39,Tyrosine,oct_1.0,4,20,7,,,,raw
2019-12-22,tbh-1; ex[tbh-1p::tbh-1a],OP50,Tyrosine,oct_1.0,5,1,1.5,,,,raw
2019-12-22,tbh-1; ex[tbh-1p::tbh-1a],OP50,Tyrosine,oct_1.0,5,2,0.8,,,,raw
2019-12-22,tbh-1; ex[tbh-1p::tbh-1a],OP50,Tyrosine,oct_1.0,5,3,1.5,,,,raw
2019-12-22,tbh-1; ex[tbh-1p::tbh-1a],OP50,Tyrosine,oct_1.0,5,4,1.9,,,,raw
2019-12-22,tbh-1; ex[tbh-1p::tbh-1a],OP50,Tyrosine,oct_1.0,5,5,4,,,,raw
2019-12-22,tbh-1; ex[tbh-1p::tbh-1a],OP50,Tyrosine,oct_1.0,5,6,1.3,,,,raw
2019-12-22,tbh-1; ex[tbh-1p::tbh-1a],OP50,Tyrosine,oct_1.0,5,7,2.8,,,,raw
2019-12-22,tbh-1; ex[tbh-1p::tbh-1a],OP50,Tyrosine,oct_1.0,5,8,0.9,,,,raw
2019-12-22,tbh-1; ex[tbh-1p::tbh-1a],OP50,Tyrosine,oct_1.0,5,9,1.6,,,,raw
2019-12-22,tbh-1; ex[tbh-1p::tbh-1a],OP50,Tyrosine,oct_1.0,5,10,1.6,,,,raw
2019-12-22,tbh-1; ex[tbh-1p::tbh-1a],OP50,Tyrosine,oct_1.0,5,11,3.5,,,,raw
2019-12-22,tbh-1; ex[tbh-1p::tbh-1a],OP50,Tyrosine,oct_1.0,5,12,1.5,,,,raw
2019-12-22,tbh-1; ex[tbh-1p::tbh-1a],OP50,Tyrosine,oct_1.0,5,13,0.8,,,,raw
2019-12-22,tbh-1; ex[tbh-1p::tbh-1a],OP50,Tyrosine,oct_1.0,5,14,1.8,,,,raw
2019-12-22,tbh-1; ex[tbh-1p::tbh-1a],OP50,Tyrosine,oct_1.0,5,15,1.4,,,,raw
2019-12-22,tbh-1; ex[tbh-1p::tbh-1a],OP50,Tyrosine,oct_1.0,5,16,1.7,,,,raw
2019-12-22,tbh-1; ex[tbh-1p::tbh-1a],OP50,Tyrosine,oct_1.0,5,17,0.9,,,,raw
2019-12-22,tbh-1; ex[tbh-1p::tbh-1a],OP50,Tyrosine,oct_1.0,5,18,2.2,,,,raw
2019-12-22,tbh-1; ex[tbh-1p::tbh-1a],OP50,Tyrosine,oct_1.0,5,19,2.2,,,,raw
2019-12-22,tbh-1; ex[tbh-1p::tbh-1a],OP50,Tyrosine,oct_1.0,5,20,1.3,,,,raw
2019-12-22,tbh-1; ex[tbh-1p::tbh-1a],JUb39,Tyrosine,oct_1.0,6,1,20,,,,raw
2019-12-22,tbh-1; ex[tbh-1p::tbh-1a],JUb39,Tyrosine,oct_1.0,6,2,20,,,,raw
2019-12-22,tbh-1; ex[tbh-1p::tbh-1a],JUb39,Tyrosine,oct_1.0,6,3,9.5,,,,raw
2019-12-22,tbh-1; ex[tbh-1p::tbh-1a],JUb39,Tyrosine,oct_1.0,6,4,2.7,,,,raw
2019-12-22,tbh-1; ex[tbh-1p::tbh-1a],JUb39,Tyrosine,oct_1.0,6,5,6.7,,,,raw
2019-12-22,tbh-1; ex[tbh-1p::tbh-1a],JUb39,Tyrosine,oct_1.0,6,6,8.2,,,,raw
2019-12-22,tbh-1; ex[tbh-1p::tbh-1a],JUb39,Tyrosine,oct_1.0,6,7,9.9,,,,raw
2019-12-22,tbh-1; ex[tbh-1p::tbh-1a],JUb39,Tyrosine,oct_1.0,6,8,20,,,,raw
2019-12-22,tbh-1; ex[tbh-1p::tbh-1a],JUb39,Tyrosine,oct_1.0,6,9,3.2,,,,raw
2019-12-22,tbh-1; ex[tbh-1p::tbh-1a],JUb39,Tyrosine,oct_1.0,6,10,2.8,,,,raw
2019-12-22,tbh-1; ex[tbh-1p::tbh-1a],JUb39,Tyrosine,oct_1.0,6,11,7.9,,,,raw
2019-12-22,tbh-1; ex[tbh-1p::tbh-1a],JUb39,Tyrosine,oct_1.0,6,12,7.9,,,,raw
2019-12-22,tbh-1; ex[tbh-1p::tbh-1a],JUb39,Tyrosine,oct_1.0,6,13,3,,,,raw
2019-12-22,tbh-1; ex[tbh-1p::tbh-1a],JUb39,Tyrosine,oct_1.0,6,14,2.9,,,,raw
2019-12-22,tbh-1; ex[tbh-1p::tbh-1a],JUb39,Tyrosine,oct_1.0,6,15,6.7,,,,raw
2019-12-22,tbh-1; ex[tbh-1p::tbh-1a],JUb39,Tyrosine,oct_1.0,6,16,1.8,,,,raw
2019-12-22,tbh-1; ex[tbh-1p::tbh-1a],JUb39,Tyrosine,oct_1.0,6,17,3.2,,,,raw
2019-12-22,tbh-1; ex[tbh-1p::tbh-1a],JUb39,Tyrosine,oct_1.0,6,18,3.8,,,,raw
2019-12-22,tbh-1; ex[tbh-1p::tbh-1a],JUb39,Tyrosine,oct_1.0,6,19,14.1,,,,raw
2019-12-22,tbh-1; ex[tbh-1p::tbh-1a],JUb39,Tyrosine,oct_1.0,6,20,2.6,,,,raw