date,genotype,food,cond,cue,plateID,animal,response.time,pir,group,paralyzed,line,data_type
2019_11_16,N2,OP50,Tyrosine,oct_1.0,257,1107,1.5,NA,NA,non-paralyzed,NA,raw
2019_11_16,N2,OP50,Tyrosine,oct_1.0,257,1108,0.8,NA,NA,non-paralyzed,NA,raw
2019_11_16,N2,OP50,Tyrosine,oct_1.0,257,1109,1.9,NA,NA,non-paralyzed,NA,raw
2019_11_16,N2,OP50,Tyrosine,oct_1.0,257,1110,10.2,NA,NA,non-paralyzed,NA,raw
2019_11_16,N2,OP50,Tyrosine,oct_1.0,257,1111,3.4,NA,NA,non-paralyzed,NA,raw
2019_11_16,N2,OP50,Tyrosine,oct_1.0,257,1112,2.7,NA,NA,non-paralyzed,NA,raw
2019_11_16,N2,OP50,Tyrosine,oct_1.0,257,1113,3.7,NA,NA,non-paralyzed,NA,raw
2019_11_16,N2,OP50,Tyrosine,oct_1.0,257,1114,2.3,NA,NA,non-paralyzed,NA,raw
2019_11_16,N2,OP50,Tyrosine,oct_1.0,257,1115,3,NA,NA,non-paralyzed,NA,raw
2019_11_16,N2,OP50,Tyrosine,oct_1.0,257,1116,1.1,NA,NA,non-paralyzed,NA,raw
2019_11_16,N2,OP50,Tyrosine,oct_1.0,257,1117,3.2,NA,NA,non-paralyzed,NA,raw
2019_11_16,N2,OP50,Tyrosine,oct_1.0,257,1118,2.9,NA,NA,non-paralyzed,NA,raw
2019_11_16,N2,OP50,Tyrosine,oct_1.0,257,1119,2.2,NA,NA,non-paralyzed,NA,raw
2019_11_16,N2,OP50,Tyrosine,oct_1.0,257,1120,2.4,NA,NA,non-paralyzed,NA,raw
2019_11_16,N2,OP50,Tyrosine,oct_1.0,257,1121,1,NA,NA,non-paralyzed,NA,raw
2019_11_16,N2,OP50,Tyrosine,oct_1.0,257,1122,2.8,NA,NA,non-paralyzed,NA,raw
2019_11_16,N2,OP50,Tyrosine,oct_1.0,257,1123,3.2,NA,NA,non-paralyzed,NA,raw
2019_11_16,N2,OP50,Tyrosine,oct_1.0,257,1124,3.6,NA,NA,non-paralyzed,NA,raw
2019_11_16,N2,OP50,Tyrosine,oct_1.0,257,1125,2.2,NA,NA,non-paralyzed,NA,raw
2019_11_16,N2,OP50,Tyrosine,oct_1.0,257,1126,2.2,NA,NA,non-paralyzed,NA,raw
2019_11_16,N2,JUb39,Tyrosine,oct_1.0,258,1127,2.7,NA,NA,non-paralyzed,NA,raw
2019_11_16,N2,JUb39,Tyrosine,oct_1.0,258,1128,1.3,NA,NA,non-paralyzed,NA,raw
2019_11_16,N2,JUb39,Tyrosine,oct_1.0,258,1129,9.2,NA,NA,non-paralyzed,NA,raw
2019_11_16,N2,JUb39,Tyrosine,oct_1.0,258,1130,11.3,NA,NA,non-paralyzed,NA,raw
2019_11_16,N2,JUb39,Tyrosine,oct_1.0,258,1131,1.6,NA,NA,non-paralyzed,NA,raw
2019_11_16,N2,JUb39,Tyrosine,oct_1.0,258,1132,3.7,NA,NA,non-paralyzed,NA,raw
2019_11_16,N2,JUb39,Tyrosine,oct_1.0,258,1133,2.7,NA,NA,non-paralyzed,NA,raw
2019_11_16,N2,JUb39,Tyrosine,oct_1.0,258,1134,7.3,NA,NA,non-paralyzed,NA,raw
2019_11_16,N2,JUb39,Tyrosine,oct_1.0,258,1135,2.7,NA,NA,non-paralyzed,NA,raw
2019_11_16,N2,JUb39,Tyrosine,oct_1.0,258,1136,2.4,NA,NA,non-paralyzed,NA,raw
2019_11_16,N2,JUb39,Tyrosine,oct_1.0,258,1137,2.3,NA,NA,non-paralyzed,NA,raw
2019_11_16,N2,JUb39,Tyrosine,oct_1.0,258,1138,3,NA,NA,non-paralyzed,NA,raw
2019_11_16,N2,JUb39,Tyrosine,oct_1.0,258,1139,9.4,NA,NA,non-paralyzed,NA,raw
2019_11_16,N2,JUb39,Tyrosine,oct_1.0,258,1140,1.6,NA,NA,non-paralyzed,NA,raw
2019_11_16,N2,JUb39,Tyrosine,oct_1.0,258,1141,3.3,NA,NA,non-paralyzed,NA,raw
2019_11_16,N2,JUb39,Tyrosine,oct_1.0,258,1142,5.4,NA,NA,non-paralyzed,NA,raw
2019_11_16,N2,JUb39,Tyrosine,oct_1.0,258,1143,3,NA,NA,non-paralyzed,NA,raw
2019_11_16,N2,JUb39,Tyrosine,oct_1.0,258,1144,5.6,NA,NA,non-paralyzed,NA,raw
2019_11_16,N2,JUb39,Tyrosine,oct_1.0,258,1145,2,NA,NA,non-paralyzed,NA,raw
2019_11_16,N2,JUb39,Tyrosine,oct_1.0,258,1146,12,NA,NA,non-paralyzed,NA,raw
2019_11_16,octr-1,OP50,Tyrosine,oct_1.0,259,1147,1.5,NA,NA,non-paralyzed,NA,raw
2019_11_16,octr-1,OP50,Tyrosine,oct_1.0,259,1148,2.5,NA,NA,non-paralyzed,NA,raw
2019_11_16,octr-1,OP50,Tyrosine,oct_1.0,259,1149,1.3,NA,NA,non-paralyzed,NA,raw
2019_11_16,octr-1,OP50,Tyrosine,oct_1.0,259,1150,2.4,NA,NA,non-paralyzed,NA,raw
2019_11_16,octr-1,OP50,Tyrosine,oct_1.0,259,1151,1.4,NA,NA,non-paralyzed,NA,raw
2019_11_16,octr-1,OP50,Tyrosine,oct_1.0,259,1152,2.2,NA,NA,non-paralyzed,NA,raw
2019_11_16,octr-1,OP50,Tyrosine,oct_1.0,259,1153,1.3,NA,NA,non-paralyzed,NA,raw
2019_11_16,octr-1,OP50,Tyrosine,oct_1.0,259,1154,2,NA,NA,non-paralyzed,NA,raw
2019_11_16,octr-1,OP50,Tyrosine,oct_1.0,259,1155,2.9,NA,NA,non-paralyzed,NA,raw
2019_11_16,octr-1,OP50,Tyrosine,oct_1.0,259,1156,2.1,NA,NA,non-paralyzed,NA,raw
2019_11_16,octr-1,OP50,Tyrosine,oct_1.0,259,1157,2.2,NA,NA,non-paralyzed,NA,raw
2019_11_16,octr-1,OP50,Tyrosine,oct_1.0,259,1158,2.9,NA,NA,non-paralyzed,NA,raw
2019_11_16,octr-1,OP50,Tyrosine,oct_1.0,259,1159,3.8,NA,NA,non-paralyzed,NA,raw
2019_11_16,octr-1,OP50,Tyrosine,oct_1.0,259,1160,4.6,NA,NA,non-paralyzed,NA,raw
2019_11_16,octr-1,OP50,Tyrosine,oct_1.0,259,1161,1.5,NA,NA,non-paralyzed,NA,raw
2019_11_16,octr-1,OP50,Tyrosine,oct_1.0,259,1162,3.5,NA,NA,non-paralyzed,NA,raw
2019_11_16,octr-1,OP50,Tyrosine,oct_1.0,259,1163,1.7,NA,NA,non-paralyzed,NA,raw
2019_11_16,octr-1,OP50,Tyrosine,oct_1.0,259,1164,3.5,NA,NA,non-paralyzed,NA,raw
2019_11_16,octr-1,OP50,Tyrosine,oct_1.0,259,1165,4.8,NA,NA,non-paralyzed,NA,raw
2019_11_16,octr-1,OP50,Tyrosine,oct_1.0,259,1166,1.6,NA,NA,non-paralyzed,NA,raw
2019_11_16,octr-1,JUb39,Tyrosine,oct_1.0,259,1167,3.3,NA,NA,non-paralyzed,NA,raw
2019_11_16,octr-1,JUb39,Tyrosine,oct_1.0,259,1168,4,NA,NA,non-paralyzed,NA,raw
2019_11_16,octr-1,JUb39,Tyrosine,oct_1.0,259,1169,2,NA,NA,non-paralyzed,NA,raw
2019_11_16,octr-1,JUb39,Tyrosine,oct_1.0,259,1170,2.6,NA,NA,non-paralyzed,NA,raw
2019_11_16,octr-1,JUb39,Tyrosine,oct_1.0,259,1171,2.7,NA,NA,non-paralyzed,NA,raw
2019_11_16,octr-1,JUb39,Tyrosine,oct_1.0,259,1172,2.7,NA,NA,non-paralyzed,NA,raw
2019_11_16,octr-1,JUb39,Tyrosine,oct_1.0,259,1173,1.6,NA,NA,non-paralyzed,NA,raw
2019_11_16,octr-1,JUb39,Tyrosine,oct_1.0,259,1174,6.1,NA,NA,non-paralyzed,NA,raw
2019_11_16,octr-1,JUb39,Tyrosine,oct_1.0,259,1175,1.9,NA,NA,non-paralyzed,NA,raw
2019_11_16,octr-1,JUb39,Tyrosine,oct_1.0,259,1176,3,NA,NA,non-paralyzed,NA,raw
2019_11_16,octr-1,JUb39,Tyrosine,oct_1.0,259,1177,1.8,NA,NA,non-paralyzed,NA,raw
2019_11_16,octr-1,JUb39,Tyrosine,oct_1.0,259,1178,1.5,NA,NA,non-paralyzed,NA,raw
2019_11_16,octr-1,JUb39,Tyrosine,oct_1.0,259,1179,1.6,NA,NA,non-paralyzed,NA,raw
2019_11_16,octr-1,JUb39,Tyrosine,oct_1.0,259,1180,1.6,NA,NA,non-paralyzed,NA,raw
2019_11_16,octr-1,JUb39,Tyrosine,oct_1.0,259,1181,3.7,NA,NA,non-paralyzed,NA,raw
2019_11_16,octr-1,JUb39,Tyrosine,oct_1.0,259,1182,5,NA,NA,non-paralyzed,NA,raw
2019_11_16,octr-1,JUb39,Tyrosine,oct_1.0,259,1183,2.7,NA,NA,non-paralyzed,NA,raw
2019_11_16,octr-1,JUb39,Tyrosine,oct_1.0,259,1184,2.4,NA,NA,non-paralyzed,NA,raw
2019_11_16,octr-1,JUb39,Tyrosine,oct_1.0,259,1185,3.7,NA,NA,non-paralyzed,NA,raw
2019_11_16,octr-1,JUb39,Tyrosine,oct_1.0,259,1186,3.2,NA,NA,non-paralyzed,NA,raw
2019_11_16,octr-1; ex[srv11p::octr-1],OP50,Tyrosine,oct_1.0,260,1187,2.4,NA,NA,non-paralyzed,1,raw
2019_11_16,octr-1; ex[srv11p::octr-1],OP50,Tyrosine,oct_1.0,260,1188,1.8,NA,NA,non-paralyzed,1,raw
2019_11_16,octr-1; ex[srv11p::octr-1],OP50,Tyrosine,oct_1.0,260,1189,1.4,NA,NA,non-paralyzed,1,raw
2019_11_16,octr-1; ex[srv11p::octr-1],OP50,Tyrosine,oct_1.0,260,1190,2.6,NA,NA,non-paralyzed,1,raw
2019_11_16,octr-1; ex[srv11p::octr-1],OP50,Tyrosine,oct_1.0,260,1191,1.7,NA,NA,non-paralyzed,1,raw
2019_11_16,octr-1; ex[srv11p::octr-1],OP50,Tyrosine,oct_1.0,260,1192,3.2,NA,NA,non-paralyzed,1,raw
2019_11_16,octr-1; ex[srv11p::octr-1],OP50,Tyrosine,oct_1.0,260,1193,2.9,NA,NA,non-paralyzed,1,raw
2019_11_16,octr-1; ex[srv11p::octr-1],OP50,Tyrosine,oct_1.0,260,1194,1.9,NA,NA,non-paralyzed,1,raw
2019_11_16,octr-1; ex[srv11p::octr-1],OP50,Tyrosine,oct_1.0,260,1195,3.2,NA,NA,non-paralyzed,1,raw
2019_11_16,octr-1; ex[srv11p::octr-1],OP50,Tyrosine,oct_1.0,260,1196,1.5,NA,NA,non-paralyzed,1,raw
2019_11_16,octr-1; ex[srv11p::octr-1],OP50,Tyrosine,oct_1.0,260,1197,2.8,NA,NA,non-paralyzed,1,raw
2019_11_16,octr-1; ex[srv11p::octr-1],OP50,Tyrosine,oct_1.0,260,1198,1.5,NA,NA,non-paralyzed,1,raw
2019_11_16,octr-1; ex[srv11p::octr-1],OP50,Tyrosine,oct_1.0,260,1199,2.1,NA,NA,non-paralyzed,1,raw
2019_11_16,octr-1; ex[srv11p::octr-1],OP50,Tyrosine,oct_1.0,260,1200,4.4,NA,NA,non-paralyzed,1,raw
2019_11_16,octr-1; ex[srv11p::octr-1],OP50,Tyrosine,oct_1.0,260,1201,1.5,NA,NA,non-paralyzed,1,raw
2019_11_16,octr-1; ex[srv11p::octr-1],OP50,Tyrosine,oct_1.0,260,1202,1.6,NA,NA,non-paralyzed,1,raw
2019_11_16,octr-1; ex[srv11p::octr-1],OP50,Tyrosine,oct_1.0,260,1203,2.4,NA,NA,non-paralyzed,1,raw
2019_11_16,octr-1; ex[srv11p::octr-1],OP50,Tyrosine,oct_1.0,260,1204,3.1,NA,NA,non-paralyzed,1,raw
2019_11_16,octr-1; ex[srv11p::octr-1],OP50,Tyrosine,oct_1.0,260,1205,2.5,NA,NA,non-paralyzed,1,raw
2019_11_16,octr-1; ex[srv11p::octr-1],OP50,Tyrosine,oct_1.0,260,1206,2,NA,NA,non-paralyzed,1,raw
2019_11_16,octr-1; ex[srv11p::octr-1],JUb39,Tyrosine,oct_1.0,260,1207,3.5,NA,NA,non-paralyzed,1,raw
2019_11_16,octr-1; ex[srv11p::octr-1],JUb39,Tyrosine,oct_1.0,260,1208,2,NA,NA,non-paralyzed,1,raw
2019_11_16,octr-1; ex[srv11p::octr-1],JUb39,Tyrosine,oct_1.0,260,1209,2.4,NA,NA,non-paralyzed,1,raw
2019_11_16,octr-1; ex[srv11p::octr-1],JUb39,Tyrosine,oct_1.0,260,1210,2.4,NA,NA,non-paralyzed,1,raw
2019_11_16,octr-1; ex[srv11p::octr-1],JUb39,Tyrosine,oct_1.0,260,1211,2.5,NA,NA,non-paralyzed,1,raw
2019_11_16,octr-1; ex[srv11p::octr-1],JUb39,Tyrosine,oct_1.0,260,1212,2.2,NA,NA,non-paralyzed,1,raw
2019_11_16,octr-1; ex[srv11p::octr-1],JUb39,Tyrosine,oct_1.0,260,1213,4.3,NA,NA,non-paralyzed,1,raw
2019_11_16,octr-1; ex[srv11p::octr-1],JUb39,Tyrosine,oct_1.0,260,1214,3.9,NA,NA,non-paralyzed,1,raw
2019_11_16,octr-1; ex[srv11p::octr-1],JUb39,Tyrosine,oct_1.0,260,1216,1.5,NA,NA,non-paralyzed,1,raw
2019_11_16,octr-1; ex[srv11p::octr-1],JUb39,Tyrosine,oct_1.0,260,1218,2,NA,NA,non-paralyzed,1,raw
2019_11_16,octr-1; ex[srv11p::octr-1],JUb39,Tyrosine,oct_1.0,260,1219,3.7,NA,NA,non-paralyzed,1,raw
2019_11_16,octr-1; ex[srv11p::octr-1],JUb39,Tyrosine,oct_1.0,260,1220,2.6,NA,NA,non-paralyzed,1,raw
2019_11_16,octr-1; ex[srv11p::octr-1],JUb39,Tyrosine,oct_1.0,260,1221,5.1,NA,NA,non-paralyzed,1,raw
2019_11_16,octr-1; ex[srv11p::octr-1],JUb39,Tyrosine,oct_1.0,260,1222,2.2,NA,NA,non-paralyzed,1,raw
2019_11_16,octr-1; ex[srv11p::octr-1],JUb39,Tyrosine,oct_1.0,260,1223,3.1,NA,NA,non-paralyzed,1,raw
2019_11_16,octr-1; ex[srv11p::octr-1],JUb39,Tyrosine,oct_1.0,260,1224,4.7,NA,NA,non-paralyzed,1,raw
2019_11_16,octr-1; ex[srv11p::octr-1],JUb39,Tyrosine,oct_1.0,260,1226,1.3,NA,NA,non-paralyzed,1,raw
2019_11_16,octr-1; ex[srg47p::octr-1],OP50,Tyrosine,oct_1.0,261,1227,4.1,NA,NA,non-paralyzed,1,raw
2019_11_16,octr-1; ex[srg47p::octr-1],OP50,Tyrosine,oct_1.0,261,1228,2,NA,NA,non-paralyzed,1,raw
2019_11_16,octr-1; ex[srg47p::octr-1],OP50,Tyrosine,oct_1.0,261,1229,2.5,NA,NA,non-paralyzed,1,raw
2019_11_16,octr-1; ex[srg47p::octr-1],OP50,Tyrosine,oct_1.0,261,1230,2.8,NA,NA,non-paralyzed,1,raw
2019_11_16,octr-1; ex[srg47p::octr-1],OP50,Tyrosine,oct_1.0,261,1231,1.9,NA,NA,non-paralyzed,1,raw
2019_11_16,octr-1; ex[srg47p::octr-1],OP50,Tyrosine,oct_1.0,261,1232,1.2,NA,NA,non-paralyzed,1,raw
2019_11_16,octr-1; ex[srg47p::octr-1],OP50,Tyrosine,oct_1.0,261,1233,1.9,NA,NA,non-paralyzed,1,raw
2019_11_16,octr-1; ex[srg47p::octr-1],OP50,Tyrosine,oct_1.0,261,1234,2.1,NA,NA,non-paralyzed,1,raw
2019_11_16,octr-1; ex[srg47p::octr-1],OP50,Tyrosine,oct_1.0,261,1235,3.6,NA,NA,non-paralyzed,1,raw
2019_11_16,octr-1; ex[srg47p::octr-1],OP50,Tyrosine,oct_1.0,261,1236,1.1,NA,NA,non-paralyzed,1,raw
2019_11_16,octr-1; ex[srg47p::octr-1],OP50,Tyrosine,oct_1.0,261,1237,1.8,NA,NA,non-paralyzed,1,raw
2019_11_16,octr-1; ex[srg47p::octr-1],OP50,Tyrosine,oct_1.0,261,1238,2.2,NA,NA,non-paralyzed,1,raw
2019_11_16,octr-1; ex[srg47p::octr-1],OP50,Tyrosine,oct_1.0,261,1239,3.6,NA,NA,non-paralyzed,1,raw
2019_11_16,octr-1; ex[srg47p::octr-1],OP50,Tyrosine,oct_1.0,261,1240,0.9,NA,NA,non-paralyzed,1,raw
2019_11_16,octr-1; ex[srg47p::octr-1],OP50,Tyrosine,oct_1.0,261,1241,1.2,NA,NA,non-paralyzed,1,raw
2019_11_16,octr-1; ex[srg47p::octr-1],OP50,Tyrosine,oct_1.0,261,1242,4.4,NA,NA,non-paralyzed,1,raw
2019_11_16,octr-1; ex[srg47p::octr-1],OP50,Tyrosine,oct_1.0,261,1243,1.1,NA,NA,non-paralyzed,1,raw
2019_11_16,octr-1; ex[srg47p::octr-1],OP50,Tyrosine,oct_1.0,261,1244,1.3,NA,NA,non-paralyzed,1,raw
2019_11_16,octr-1; ex[srg47p::octr-1],OP50,Tyrosine,oct_1.0,261,1245,1.6,NA,NA,non-paralyzed,1,raw
2019_11_16,octr-1; ex[srg47p::octr-1],OP50,Tyrosine,oct_1.0,261,1246,1.1,NA,NA,non-paralyzed,1,raw
2019_11_16,octr-1; ex[srg47p::octr-1],JUb39,Tyrosine,oct_1.0,261,1247,3.2,NA,NA,non-paralyzed,1,raw
2019_11_16,octr-1; ex[srg47p::octr-1],JUb39,Tyrosine,oct_1.0,261,1248,8,NA,NA,non-paralyzed,1,raw
2019_11_16,octr-1; ex[srg47p::octr-1],JUb39,Tyrosine,oct_1.0,261,1249,1.8,NA,NA,non-paralyzed,1,raw
2019_11_16,octr-1; ex[srg47p::octr-1],JUb39,Tyrosine,oct_1.0,261,1250,2.7,NA,NA,non-paralyzed,1,raw
2019_11_16,octr-1; ex[srg47p::octr-1],JUb39,Tyrosine,oct_1.0,261,1251,3.3,NA,NA,non-paralyzed,1,raw
2019_11_16,octr-1; ex[srg47p::octr-1],JUb39,Tyrosine,oct_1.0,261,1252,3.9,NA,NA,non-paralyzed,1,raw
2019_11_16,octr-1; ex[srg47p::octr-1],JUb39,Tyrosine,oct_1.0,261,1253,9.8,NA,NA,non-paralyzed,1,raw
2019_11_16,octr-1; ex[srg47p::octr-1],JUb39,Tyrosine,oct_1.0,261,1254,1.6,NA,NA,non-paralyzed,1,raw
2019_11_16,octr-1; ex[srg47p::octr-1],JUb39,Tyrosine,oct_1.0,261,1255,2.4,NA,NA,non-paralyzed,1,raw
2019_11_16,octr-1; ex[srg47p::octr-1],JUb39,Tyrosine,oct_1.0,261,1256,2.4,NA,NA,non-paralyzed,1,raw
2019_11_16,octr-1; ex[srg47p::octr-1],JUb39,Tyrosine,oct_1.0,261,1257,1.9,NA,NA,non-paralyzed,1,raw
2019_11_16,octr-1; ex[srg47p::octr-1],JUb39,Tyrosine,oct_1.0,261,1258,2.7,NA,NA,non-paralyzed,1,raw
2019_11_16,octr-1; ex[srg47p::octr-1],JUb39,Tyrosine,oct_1.0,261,1259,4.4,NA,NA,non-paralyzed,1,raw
2019_11_16,octr-1; ex[srg47p::octr-1],JUb39,Tyrosine,oct_1.0,261,1260,2.5,NA,NA,non-paralyzed,1,raw
2019_11_16,octr-1; ex[srg47p::octr-1],JUb39,Tyrosine,oct_1.0,261,1261,2.3,NA,NA,non-paralyzed,1,raw
2019_11_16,octr-1; ex[srg47p::octr-1],JUb39,Tyrosine,oct_1.0,261,1262,1.3,NA,NA,non-paralyzed,1,raw
2019_11_16,octr-1; ex[srg47p::octr-1],JUb39,Tyrosine,oct_1.0,261,1263,4.3,NA,NA,non-paralyzed,1,raw
2019_11_16,octr-1; ex[srg47p::octr-1],JUb39,Tyrosine,oct_1.0,261,1264,2.1,NA,NA,non-paralyzed,1,raw
2019_11_16,octr-1; ex[srg47p::octr-1],JUb39,Tyrosine,oct_1.0,261,1265,2.7,NA,NA,non-paralyzed,1,raw
2019_11_16,octr-1; ex[srg47p::octr-1],JUb39,Tyrosine,oct_1.0,261,1266,1.9,NA,NA,non-paralyzed,1,raw
2019_11_16,octr-1; ex[srv11p::octr-1],OP50,Tyrosine,oct_1.0,262,1267,1,NA,NA,non-paralyzed,5,raw
2019_11_16,octr-1; ex[srv11p::octr-1],OP50,Tyrosine,oct_1.0,262,1268,3.7,NA,NA,non-paralyzed,5,raw
2019_11_16,octr-1; ex[srv11p::octr-1],OP50,Tyrosine,oct_1.0,262,1269,3.7,NA,NA,non-paralyzed,5,raw
2019_11_16,octr-1; ex[srv11p::octr-1],OP50,Tyrosine,oct_1.0,262,1270,4.5,NA,NA,non-paralyzed,5,raw
2019_11_16,octr-1; ex[srv11p::octr-1],OP50,Tyrosine,oct_1.0,262,1271,1.6,NA,NA,non-paralyzed,5,raw
2019_11_16,octr-1; ex[srv11p::octr-1],OP50,Tyrosine,oct_1.0,262,1272,2.8,NA,NA,non-paralyzed,5,raw
2019_11_16,octr-1; ex[srv11p::octr-1],OP50,Tyrosine,oct_1.0,262,1273,1.7,NA,NA,non-paralyzed,5,raw
2019_11_16,octr-1; ex[srv11p::octr-1],OP50,Tyrosine,oct_1.0,262,1274,2.7,NA,NA,non-paralyzed,5,raw
2019_11_16,octr-1; ex[srv11p::octr-1],OP50,Tyrosine,oct_1.0,262,1275,2.5,NA,NA,non-paralyzed,5,raw
2019_11_16,octr-1; ex[srv11p::octr-1],OP50,Tyrosine,oct_1.0,262,1276,5.4,NA,NA,non-paralyzed,5,raw
2019_11_16,octr-1; ex[srv11p::octr-1],OP50,Tyrosine,oct_1.0,262,1277,3.9,NA,NA,non-paralyzed,5,raw
2019_11_16,octr-1; ex[srv11p::octr-1],OP50,Tyrosine,oct_1.0,262,1278,1.8,NA,NA,non-paralyzed,5,raw
2019_11_16,octr-1; ex[srv11p::octr-1],OP50,Tyrosine,oct_1.0,262,1279,1.6,NA,NA,non-paralyzed,5,raw
2019_11_16,octr-1; ex[srv11p::octr-1],OP50,Tyrosine,oct_1.0,262,1280,3.2,NA,NA,non-paralyzed,5,raw
2019_11_16,octr-1; ex[srv11p::octr-1],OP50,Tyrosine,oct_1.0,262,1281,1.6,NA,NA,non-paralyzed,5,raw
2019_11_16,octr-1; ex[srv11p::octr-1],OP50,Tyrosine,oct_1.0,262,1282,2.4,NA,NA,non-paralyzed,5,raw
2019_11_16,octr-1; ex[srv11p::octr-1],OP50,Tyrosine,oct_1.0,262,1283,0.6,NA,NA,non-paralyzed,5,raw
2019_11_16,octr-1; ex[srv11p::octr-1],OP50,Tyrosine,oct_1.0,262,1284,1.6,NA,NA,non-paralyzed,5,raw
2019_11_16,octr-1; ex[srv11p::octr-1],OP50,Tyrosine,oct_1.0,262,1285,2.4,NA,NA,non-paralyzed,5,raw
2019_11_16,octr-1; ex[srv11p::octr-1],OP50,Tyrosine,oct_1.0,262,1286,3,NA,NA,non-paralyzed,5,raw
2019_11_16,octr-1; ex[srv11p::octr-1],JUb39,Tyrosine,oct_1.0,262,1287,3.1,NA,NA,non-paralyzed,5,raw
2019_11_16,octr-1; ex[srv11p::octr-1],JUb39,Tyrosine,oct_1.0,262,1288,2.6,NA,NA,non-paralyzed,5,raw
2019_11_16,octr-1; ex[srv11p::octr-1],JUb39,Tyrosine,oct_1.0,262,1289,5.1,NA,NA,non-paralyzed,5,raw
2019_11_16,octr-1; ex[srv11p::octr-1],JUb39,Tyrosine,oct_1.0,262,1290,9.4,NA,NA,non-paralyzed,5,raw
2019_11_16,octr-1; ex[srv11p::octr-1],JUb39,Tyrosine,oct_1.0,262,1291,3.9,NA,NA,non-paralyzed,5,raw
2019_11_16,octr-1; ex[srv11p::octr-1],JUb39,Tyrosine,oct_1.0,262,1292,4.5,NA,NA,non-paralyzed,5,raw
2019_11_16,octr-1; ex[srv11p::octr-1],JUb39,Tyrosine,oct_1.0,262,1293,3.1,NA,NA,non-paralyzed,5,raw
2019_11_16,octr-1; ex[srv11p::octr-1],JUb39,Tyrosine,oct_1.0,262,1294,3.4,NA,NA,non-paralyzed,5,raw
2019_11_16,octr-1; ex[srv11p::octr-1],JUb39,Tyrosine,oct_1.0,262,1295,4.6,NA,NA,non-paralyzed,5,raw
2019_11_16,octr-1; ex[srv11p::octr-1],JUb39,Tyrosine,oct_1.0,262,1296,5.9,NA,NA,non-paralyzed,5,raw
2019_11_16,octr-1; ex[srv11p::octr-1],JUb39,Tyrosine,oct_1.0,262,1297,7.2,NA,NA,non-paralyzed,5,raw
2019_11_16,octr-1; ex[srv11p::octr-1],JUb39,Tyrosine,oct_1.0,262,1298,2.3,NA,NA,non-paralyzed,5,raw
2019_11_16,octr-1; ex[srv11p::octr-1],JUb39,Tyrosine,oct_1.0,262,1299,4.3,NA,NA,non-paralyzed,5,raw
2019_11_16,octr-1; ex[srv11p::octr-1],JUb39,Tyrosine,oct_1.0,262,1300,3.3,NA,NA,non-paralyzed,5,raw
2019_11_16,octr-1; ex[srv11p::octr-1],JUb39,Tyrosine,oct_1.0,262,1301,11.5,NA,NA,non-paralyzed,5,raw
2019_11_16,octr-1; ex[srv11p::octr-1],JUb39,Tyrosine,oct_1.0,262,1302,5.6,NA,NA,non-paralyzed,5,raw
2019_11_16,octr-1; ex[srv11p::octr-1],JUb39,Tyrosine,oct_1.0,262,1303,1.9,NA,NA,non-paralyzed,5,raw
2019_11_16,octr-1; ex[srv11p::octr-1],JUb39,Tyrosine,oct_1.0,262,1304,2.1,NA,NA,non-paralyzed,5,raw
2019_11_16,octr-1; ex[srv11p::octr-1],JUb39,Tyrosine,oct_1.0,262,1305,2,NA,NA,non-paralyzed,5,raw
2019_11_16,octr-1; ex[srg47p::octr-1],OP50,Tyrosine,oct_1.0,263,1307,4.1,NA,NA,non-paralyzed,2,raw
2019_11_16,octr-1; ex[srg47p::octr-1],OP50,Tyrosine,oct_1.0,263,1308,1.9,NA,NA,non-paralyzed,2,raw
2019_11_16,octr-1; ex[srg47p::octr-1],OP50,Tyrosine,oct_1.0,263,1309,4.2,NA,NA,non-paralyzed,2,raw
2019_11_16,octr-1; ex[srg47p::octr-1],OP50,Tyrosine,oct_1.0,263,1310,1.9,NA,NA,non-paralyzed,2,raw
2019_11_16,octr-1; ex[srg47p::octr-1],OP50,Tyrosine,oct_1.0,263,1311,0.9,NA,NA,non-paralyzed,2,raw
2019_11_16,octr-1; ex[srg47p::octr-1],OP50,Tyrosine,oct_1.0,263,1312,0.7,NA,NA,non-paralyzed,2,raw
2019_11_16,octr-1; ex[srg47p::octr-1],OP50,Tyrosine,oct_1.0,263,1313,1.8,NA,NA,non-paralyzed,2,raw
2019_11_16,octr-1; ex[srg47p::octr-1],OP50,Tyrosine,oct_1.0,263,1314,1.7,NA,NA,non-paralyzed,2,raw
2019_11_16,octr-1; ex[srg47p::octr-1],OP50,Tyrosine,oct_1.0,263,1315,1.8,NA,NA,non-paralyzed,2,raw
2019_11_16,octr-1; ex[srg47p::octr-1],OP50,Tyrosine,oct_1.0,263,1316,1.8,NA,NA,non-paralyzed,2,raw
2019_11_16,octr-1; ex[srg47p::octr-1],OP50,Tyrosine,oct_1.0,263,1317,1.5,NA,NA,non-paralyzed,2,raw
2019_11_16,octr-1; ex[srg47p::octr-1],OP50,Tyrosine,oct_1.0,263,1318,2.3,NA,NA,non-paralyzed,2,raw
2019_11_16,octr-1; ex[srg47p::octr-1],OP50,Tyrosine,oct_1.0,263,1319,1.9,NA,NA,non-paralyzed,2,raw
2019_11_16,octr-1; ex[srg47p::octr-1],OP50,Tyrosine,oct_1.0,263,1320,3.8,NA,NA,non-paralyzed,2,raw
2019_11_16,octr-1; ex[srg47p::octr-1],OP50,Tyrosine,oct_1.0,263,1321,2.5,NA,NA,non-paralyzed,2,raw
2019_11_16,octr-1; ex[srg47p::octr-1],OP50,Tyrosine,oct_1.0,263,1322,1.7,NA,NA,non-paralyzed,2,raw
2019_11_16,octr-1; ex[srg47p::octr-1],OP50,Tyrosine,oct_1.0,263,1323,3.7,NA,NA,non-paralyzed,2,raw
2019_11_16,octr-1; ex[srg47p::octr-1],OP50,Tyrosine,oct_1.0,263,1324,1.2,NA,NA,non-paralyzed,2,raw
2019_11_16,octr-1; ex[srg47p::octr-1],OP50,Tyrosine,oct_1.0,263,1325,1.4,NA,NA,non-paralyzed,2,raw
2019_11_16,octr-1; ex[srg47p::octr-1],OP50,Tyrosine,oct_1.0,263,1326,2.7,NA,NA,non-paralyzed,2,raw
2019_11_16,octr-1; ex[srg47p::octr-1],JUb39,Tyrosine,oct_1.0,263,1327,2.6,NA,NA,non-paralyzed,2,raw
2019_11_16,octr-1; ex[srg47p::octr-1],JUb39,Tyrosine,oct_1.0,263,1328,2.6,NA,NA,non-paralyzed,2,raw
2019_11_16,octr-1; ex[srg47p::octr-1],JUb39,Tyrosine,oct_1.0,263,1329,3.5,NA,NA,non-paralyzed,2,raw
2019_11_16,octr-1; ex[srg47p::octr-1],JUb39,Tyrosine,oct_1.0,263,1330,1.6,NA,NA,non-paralyzed,2,raw
2019_11_16,octr-1; ex[srg47p::octr-1],JUb39,Tyrosine,oct_1.0,263,1331,2.6,NA,NA,non-paralyzed,2,raw
2019_11_16,octr-1; ex[srg47p::octr-1],JUb39,Tyrosine,oct_1.0,263,1332,1.9,NA,NA,non-paralyzed,2,raw
2019_11_16,octr-1; ex[srg47p::octr-1],JUb39,Tyrosine,oct_1.0,263,1333,4.6,NA,NA,non-paralyzed,2,raw
2019_11_16,octr-1; ex[srg47p::octr-1],JUb39,Tyrosine,oct_1.0,263,1334,1.1,NA,NA,non-paralyzed,2,raw
2019_11_16,octr-1; ex[srg47p::octr-1],JUb39,Tyrosine,oct_1.0,263,1335,5.1,NA,NA,non-paralyzed,2,raw
2019_11_16,octr-1; ex[srg47p::octr-1],JUb39,Tyrosine,oct_1.0,263,1336,3.1,NA,NA,non-paralyzed,2,raw
2019_11_16,octr-1; ex[srg47p::octr-1],JUb39,Tyrosine,oct_1.0,263,1337,0.9,NA,NA,non-paralyzed,2,raw
2019_11_16,octr-1; ex[srg47p::octr-1],JUb39,Tyrosine,oct_1.0,263,1338,4.5,NA,NA,non-paralyzed,2,raw
2019_11_16,octr-1; ex[srg47p::octr-1],JUb39,Tyrosine,oct_1.0,263,1339,1.7,NA,NA,non-paralyzed,2,raw
2019_11_16,octr-1; ex[srg47p::octr-1],JUb39,Tyrosine,oct_1.0,263,1340,1.5,NA,NA,non-paralyzed,2,raw
2019_11_16,octr-1; ex[srg47p::octr-1],JUb39,Tyrosine,oct_1.0,263,1341,1.3,NA,NA,non-paralyzed,2,raw
2019_11_16,octr-1; ex[srg47p::octr-1],JUb39,Tyrosine,oct_1.0,263,1342,1.6,NA,NA,non-paralyzed,2,raw
2019_11_16,octr-1; ex[srg47p::octr-1],JUb39,Tyrosine,oct_1.0,263,1343,1.8,NA,NA,non-paralyzed,2,raw
2019_11_16,octr-1; ex[srg47p::octr-1],JUb39,Tyrosine,oct_1.0,263,1344,1.4,NA,NA,non-paralyzed,2,raw
2019_11_16,octr-1; ex[srg47p::octr-1],JUb39,Tyrosine,oct_1.0,263,1345,1.3,NA,NA,non-paralyzed,2,raw
2019_11_16,octr-1; ex[srg47p::octr-1],JUb39,Tyrosine,oct_1.0,263,1346,1,NA,NA,non-paralyzed,2,raw
2019_11_29,octr-1,OP50,Tyrosine,oct_1.0,259,1147,3.3,NA,NA,non-paralyzed,NA,raw
2019_11_29,octr-1,OP50,Tyrosine,oct_1.0,259,1148,4,NA,NA,non-paralyzed,NA,raw
2019_11_29,octr-1,OP50,Tyrosine,oct_1.0,259,1149,4.8,NA,NA,non-paralyzed,NA,raw
2019_11_29,octr-1,OP50,Tyrosine,oct_1.0,259,1150,2,NA,NA,non-paralyzed,NA,raw
2019_11_29,octr-1,OP50,Tyrosine,oct_1.0,259,1151,4.6,NA,NA,non-paralyzed,NA,raw
2019_11_29,octr-1,OP50,Tyrosine,oct_1.0,259,1152,0.7,NA,NA,non-paralyzed,NA,raw
2019_11_29,octr-1,OP50,Tyrosine,oct_1.0,259,1153,3.6,NA,NA,non-paralyzed,NA,raw
2019_11_29,octr-1,OP50,Tyrosine,oct_1.0,259,1154,2.2,NA,NA,non-paralyzed,NA,raw
2019_11_29,octr-1,OP50,Tyrosine,oct_1.0,259,1155,3.7,NA,NA,non-paralyzed,NA,raw
2019_11_29,octr-1,OP50,Tyrosine,oct_1.0,259,1156,2.3,NA,NA,non-paralyzed,NA,raw
2019_11_29,octr-1,OP50,Tyrosine,oct_1.0,259,1157,1.7,NA,NA,non-paralyzed,NA,raw
2019_11_29,octr-1,OP50,Tyrosine,oct_1.0,259,1158,2.3,NA,NA,non-paralyzed,NA,raw
2019_11_29,octr-1,OP50,Tyrosine,oct_1.0,259,1159,1.9,NA,NA,non-paralyzed,NA,raw
2019_11_29,octr-1,OP50,Tyrosine,oct_1.0,259,1160,4.5,NA,NA,non-paralyzed,NA,raw
2019_11_29,octr-1,OP50,Tyrosine,oct_1.0,259,1161,1.7,NA,NA,non-paralyzed,NA,raw
2019_11_29,octr-1,OP50,Tyrosine,oct_1.0,259,1162,3,NA,NA,non-paralyzed,NA,raw
2019_11_29,octr-1,OP50,Tyrosine,oct_1.0,259,1163,3.2,NA,NA,non-paralyzed,NA,raw
2019_11_29,octr-1,OP50,Tyrosine,oct_1.0,259,1164,1.1,NA,NA,non-paralyzed,NA,raw
2019_11_29,octr-1,OP50,Tyrosine,oct_1.0,259,1165,3.7,NA,NA,non-paralyzed,NA,raw
2019_11_29,octr-1,OP50,Tyrosine,oct_1.0,259,1166,2.8,NA,NA,non-paralyzed,NA,raw
2019_11_29,octr-1,JUb39,Tyrosine,oct_1.0,259,1167,2.1,NA,NA,non-paralyzed,NA,raw
2019_11_29,octr-1,JUb39,Tyrosine,oct_1.0,259,1169,8,NA,NA,non-paralyzed,NA,raw
2019_11_29,octr-1,JUb39,Tyrosine,oct_1.0,259,1170,3.5,NA,NA,non-paralyzed,NA,raw
2019_11_29,octr-1,JUb39,Tyrosine,oct_1.0,259,1171,1.6,NA,NA,non-paralyzed,NA,raw
2019_11_29,octr-1,JUb39,Tyrosine,oct_1.0,259,1172,4,NA,NA,non-paralyzed,NA,raw
2019_11_29,octr-1,JUb39,Tyrosine,oct_1.0,259,1173,2.4,NA,NA,non-paralyzed,NA,raw
2019_11_29,octr-1,JUb39,Tyrosine,oct_1.0,259,1174,2.8,NA,NA,non-paralyzed,NA,raw
2019_11_29,octr-1,JUb39,Tyrosine,oct_1.0,259,1175,2.4,NA,NA,non-paralyzed,NA,raw
2019_11_29,octr-1,JUb39,Tyrosine,oct_1.0,259,1176,2.7,NA,NA,non-paralyzed,NA,raw
2019_11_29,octr-1,JUb39,Tyrosine,oct_1.0,259,1178,5.4,NA,NA,non-paralyzed,NA,raw
2019_11_29,octr-1,JUb39,Tyrosine,oct_1.0,259,1181,2.6,NA,NA,non-paralyzed,NA,raw
2019_11_29,octr-1,JUb39,Tyrosine,oct_1.0,259,1182,2.4,NA,NA,non-paralyzed,NA,raw
2019_11_29,octr-1,JUb39,Tyrosine,oct_1.0,259,1184,0.6,NA,NA,non-paralyzed,NA,raw
2019_11_29,octr-1,JUb39,Tyrosine,oct_1.0,259,1185,8.6,NA,NA,non-paralyzed,NA,raw
2019_11_29,octr-1,JUb39,Tyrosine,oct_1.0,259,1186,4.8,NA,NA,non-paralyzed,NA,raw
2019_11_29,octr-1; ex[srv11p::octr-1],OP50,Tyrosine,oct_1.0,260,1187,0.6,NA,NA,non-paralyzed,5,raw
2019_11_29,octr-1; ex[srv11p::octr-1],OP50,Tyrosine,oct_1.0,260,1188,5.1,NA,NA,non-paralyzed,5,raw
2019_11_29,octr-1; ex[srv11p::octr-1],OP50,Tyrosine,oct_1.0,260,1189,2.4,NA,NA,non-paralyzed,5,raw
2019_11_29,octr-1; ex[srv11p::octr-1],OP50,Tyrosine,oct_1.0,260,1190,2.1,NA,NA,non-paralyzed,5,raw
2019_11_29,octr-1; ex[srv11p::octr-1],OP50,Tyrosine,oct_1.0,260,1191,1.4,NA,NA,non-paralyzed,5,raw
2019_11_29,octr-1; ex[srv11p::octr-1],OP50,Tyrosine,oct_1.0,260,1192,3.8,NA,NA,non-paralyzed,5,raw
2019_11_29,octr-1; ex[srv11p::octr-1],OP50,Tyrosine,oct_1.0,260,1193,2.4,NA,NA,non-paralyzed,5,raw
2019_11_29,octr-1; ex[srv11p::octr-1],OP50,Tyrosine,oct_1.0,260,1195,1.1,NA,NA,non-paralyzed,5,raw
2019_11_29,octr-1; ex[srv11p::octr-1],OP50,Tyrosine,oct_1.0,260,1196,1.2,NA,NA,non-paralyzed,5,raw
2019_11_29,octr-1; ex[srv11p::octr-1],OP50,Tyrosine,oct_1.0,260,1197,2.5,NA,NA,non-paralyzed,5,raw
2019_11_29,octr-1; ex[srv11p::octr-1],OP50,Tyrosine,oct_1.0,260,1198,1.3,NA,NA,non-paralyzed,5,raw
2019_11_29,octr-1; ex[srv11p::octr-1],OP50,Tyrosine,oct_1.0,260,1199,0.7,NA,NA,non-paralyzed,5,raw
2019_11_29,octr-1; ex[srv11p::octr-1],OP50,Tyrosine,oct_1.0,260,1200,10.1,NA,NA,non-paralyzed,5,raw
2019_11_29,octr-1; ex[srv11p::octr-1],OP50,Tyrosine,oct_1.0,260,1201,4,NA,NA,non-paralyzed,5,raw
2019_11_29,octr-1; ex[srv11p::octr-1],OP50,Tyrosine,oct_1.0,260,1202,1.8,NA,NA,non-paralyzed,5,raw
2019_11_29,octr-1; ex[srv11p::octr-1],OP50,Tyrosine,oct_1.0,260,1203,2.8,NA,NA,non-paralyzed,5,raw
2019_11_29,octr-1; ex[srv11p::octr-1],OP50,Tyrosine,oct_1.0,260,1204,3.9,NA,NA,non-paralyzed,5,raw
2019_11_29,octr-1; ex[srv11p::octr-1],OP50,Tyrosine,oct_1.0,260,1205,1.8,NA,NA,non-paralyzed,5,raw
2019_11_29,octr-1; ex[srv11p::octr-1],OP50,Tyrosine,oct_1.0,260,1206,2.9,NA,NA,non-paralyzed,5,raw
2019_11_29,octr-1; ex[srv11p::octr-1],JUb39,Tyrosine,oct_1.0,260,1207,3.6,NA,NA,non-paralyzed,5,raw
2019_11_29,octr-1; ex[srv11p::octr-1],JUb39,Tyrosine,oct_1.0,260,1208,2.6,NA,NA,non-paralyzed,5,raw
2019_11_29,octr-1; ex[srv11p::octr-1],JUb39,Tyrosine,oct_1.0,260,1209,3.1,NA,NA,non-paralyzed,5,raw
2019_11_29,octr-1; ex[srv11p::octr-1],JUb39,Tyrosine,oct_1.0,260,1210,6.5,NA,NA,non-paralyzed,5,raw
2019_11_29,octr-1; ex[srv11p::octr-1],JUb39,Tyrosine,oct_1.0,260,1213,1.6,NA,NA,non-paralyzed,5,raw
2019_11_29,octr-1; ex[srv11p::octr-1],JUb39,Tyrosine,oct_1.0,260,1214,9.6,NA,NA,non-paralyzed,5,raw
2019_11_29,octr-1; ex[srv11p::octr-1],JUb39,Tyrosine,oct_1.0,260,1215,6.8,NA,NA,non-paralyzed,5,raw
2019_11_29,octr-1; ex[srv11p::octr-1],JUb39,Tyrosine,oct_1.0,260,1216,5.9,NA,NA,non-paralyzed,5,raw
2019_11_29,octr-1; ex[srv11p::octr-1],JUb39,Tyrosine,oct_1.0,260,1217,0.9,NA,NA,non-paralyzed,5,raw
2019_11_29,octr-1; ex[srv11p::octr-1],JUb39,Tyrosine,oct_1.0,260,1218,3.3,NA,NA,non-paralyzed,5,raw
2019_11_29,octr-1; ex[srv11p::octr-1],JUb39,Tyrosine,oct_1.0,260,1219,5.2,NA,NA,non-paralyzed,5,raw
2019_11_29,octr-1; ex[srv11p::octr-1],JUb39,Tyrosine,oct_1.0,260,1220,3.1,NA,NA,non-paralyzed,5,raw
2019_11_29,octr-1; ex[srv11p::octr-1],JUb39,Tyrosine,oct_1.0,260,1221,2.2,NA,NA,non-paralyzed,5,raw
2019_11_29,octr-1; ex[srv11p::octr-1],JUb39,Tyrosine,oct_1.0,260,1222,3.7,NA,NA,non-paralyzed,5,raw
2019_11_29,octr-1; ex[srv11p::octr-1],JUb39,Tyrosine,oct_1.0,260,1223,5.1,NA,NA,non-paralyzed,5,raw
2019_11_29,octr-1; ex[srv11p::octr-1],JUb39,Tyrosine,oct_1.0,260,1224,5,NA,NA,non-paralyzed,5,raw
2019_11_29,octr-1; ex[srv11p::octr-1],JUb39,Tyrosine,oct_1.0,260,1225,6.4,NA,NA,non-paralyzed,5,raw
2019_11_29,octr-1; ex[srv11p::octr-1],JUb39,Tyrosine,oct_1.0,260,1226,4.1,NA,NA,non-paralyzed,5,raw
2019_11_29,octr-1; ex[srg47p::octr-1],OP50,Tyrosine,oct_1.0,261,1227,3.2,NA,NA,non-paralyzed,1,raw
2019_11_29,octr-1; ex[srg47p::octr-1],OP50,Tyrosine,oct_1.0,261,1228,1.3,NA,NA,non-paralyzed,1,raw
2019_11_29,octr-1; ex[srg47p::octr-1],OP50,Tyrosine,oct_1.0,261,1229,5.2,NA,NA,non-paralyzed,1,raw
2019_11_29,octr-1; ex[srg47p::octr-1],OP50,Tyrosine,oct_1.0,261,1230,1.2,NA,NA,non-paralyzed,1,raw
2019_11_29,octr-1; ex[srg47p::octr-1],OP50,Tyrosine,oct_1.0,261,1231,1.5,NA,NA,non-paralyzed,1,raw
2019_11_29,octr-1; ex[srg47p::octr-1],OP50,Tyrosine,oct_1.0,261,1232,7.5,NA,NA,non-paralyzed,1,raw
2019_11_29,octr-1; ex[srg47p::octr-1],OP50,Tyrosine,oct_1.0,261,1233,2.2,NA,NA,non-paralyzed,1,raw
2019_11_29,octr-1; ex[srg47p::octr-1],OP50,Tyrosine,oct_1.0,261,1234,3.3,NA,NA,non-paralyzed,1,raw
2019_11_29,octr-1; ex[srg47p::octr-1],OP50,Tyrosine,oct_1.0,261,1235,3.3,NA,NA,non-paralyzed,1,raw
2019_11_29,octr-1; ex[srg47p::octr-1],OP50,Tyrosine,oct_1.0,261,1236,2.2,NA,NA,non-paralyzed,1,raw
2019_11_29,octr-1; ex[srg47p::octr-1],OP50,Tyrosine,oct_1.0,261,1237,2.4,NA,NA,non-paralyzed,1,raw
2019_11_29,octr-1; ex[srg47p::octr-1],OP50,Tyrosine,oct_1.0,261,1238,2.2,NA,NA,non-paralyzed,1,raw
2019_11_29,octr-1; ex[srg47p::octr-1],OP50,Tyrosine,oct_1.0,261,1239,2.1,NA,NA,non-paralyzed,1,raw
2019_11_29,octr-1; ex[srg47p::octr-1],OP50,Tyrosine,oct_1.0,261,1240,3.1,NA,NA,non-paralyzed,1,raw
2019_11_29,octr-1; ex[srg47p::octr-1],OP50,Tyrosine,oct_1.0,261,1241,2.9,NA,NA,non-paralyzed,1,raw
2019_11_29,octr-1; ex[srg47p::octr-1],OP50,Tyrosine,oct_1.0,261,1242,2.9,NA,NA,non-paralyzed,1,raw
2019_11_29,octr-1; ex[srg47p::octr-1],OP50,Tyrosine,oct_1.0,261,1243,2.4,NA,NA,non-paralyzed,1,raw
2019_11_29,octr-1; ex[srg47p::octr-1],OP50,Tyrosine,oct_1.0,261,1244,3.1,NA,NA,non-paralyzed,1,raw
2019_11_29,octr-1; ex[srg47p::octr-1],OP50,Tyrosine,oct_1.0,261,1245,3.2,NA,NA,non-paralyzed,1,raw
2019_11_29,octr-1; ex[srg47p::octr-1],OP50,Tyrosine,oct_1.0,261,1246,1.7,NA,NA,non-paralyzed,1,raw
2019_11_29,octr-1; ex[srg47p::octr-1],JUb39,Tyrosine,oct_1.0,261,1247,0.9,NA,NA,non-paralyzed,1,raw
2019_11_29,octr-1; ex[srg47p::octr-1],JUb39,Tyrosine,oct_1.0,261,1248,3.2,NA,NA,non-paralyzed,1,raw
2019_11_29,octr-1; ex[srg47p::octr-1],JUb39,Tyrosine,oct_1.0,261,1249,2.2,NA,NA,non-paralyzed,1,raw
2019_11_29,octr-1; ex[srg47p::octr-1],JUb39,Tyrosine,oct_1.0,261,1250,2.7,NA,NA,non-paralyzed,1,raw
2019_11_29,octr-1; ex[srg47p::octr-1],JUb39,Tyrosine,oct_1.0,261,1251,1.8,NA,NA,non-paralyzed,1,raw
2019_11_29,octr-1; ex[srg47p::octr-1],JUb39,Tyrosine,oct_1.0,261,1252,2.5,NA,NA,non-paralyzed,1,raw
2019_11_29,octr-1; ex[srg47p::octr-1],JUb39,Tyrosine,oct_1.0,261,1253,3,NA,NA,non-paralyzed,1,raw
2019_11_29,octr-1; ex[srg47p::octr-1],JUb39,Tyrosine,oct_1.0,261,1254,1.4,NA,NA,non-paralyzed,1,raw
2019_11_29,octr-1; ex[srg47p::octr-1],JUb39,Tyrosine,oct_1.0,261,1255,1.7,NA,NA,non-paralyzed,1,raw
2019_11_29,octr-1; ex[srg47p::octr-1],JUb39,Tyrosine,oct_1.0,261,1256,1.2,NA,NA,non-paralyzed,1,raw
2019_11_29,octr-1; ex[srg47p::octr-1],JUb39,Tyrosine,oct_1.0,261,1257,1.6,NA,NA,non-paralyzed,1,raw
2019_11_29,octr-1; ex[srg47p::octr-1],JUb39,Tyrosine,oct_1.0,261,1258,2.8,NA,NA,non-paralyzed,1,raw
2019_11_29,octr-1; ex[srg47p::octr-1],JUb39,Tyrosine,oct_1.0,261,1259,7.8,NA,NA,non-paralyzed,1,raw
2019_11_29,octr-1; ex[srg47p::octr-1],JUb39,Tyrosine,oct_1.0,261,1260,2.1,NA,NA,non-paralyzed,1,raw
2019_11_29,octr-1; ex[srg47p::octr-1],JUb39,Tyrosine,oct_1.0,261,1261,1.9,NA,NA,non-paralyzed,1,raw
2019_11_29,octr-1; ex[srg47p::octr-1],JUb39,Tyrosine,oct_1.0,261,1262,2.1,NA,NA,non-paralyzed,1,raw
2019_11_29,octr-1; ex[srg47p::octr-1],JUb39,Tyrosine,oct_1.0,261,1263,4.1,NA,NA,non-paralyzed,1,raw
2019_11_29,octr-1; ex[srg47p::octr-1],JUb39,Tyrosine,oct_1.0,261,1264,2.8,NA,NA,non-paralyzed,1,raw
2019_11_29,octr-1; ex[srg47p::octr-1],JUb39,Tyrosine,oct_1.0,261,1266,2.4,NA,NA,non-paralyzed,1,raw
2019_11_29,octr-1; ex[srv11p::octr-1],OP50,Tyrosine,oct_1.0,262,1267,2.5,NA,NA,non-paralyzed,1,raw
2019_11_29,octr-1; ex[srv11p::octr-1],OP50,Tyrosine,oct_1.0,262,1268,6.1,NA,NA,non-paralyzed,1,raw
2019_11_29,octr-1; ex[srv11p::octr-1],OP50,Tyrosine,oct_1.0,262,1269,3.2,NA,NA,non-paralyzed,1,raw
2019_11_29,octr-1; ex[srv11p::octr-1],OP50,Tyrosine,oct_1.0,262,1270,2.9,NA,NA,non-paralyzed,1,raw
2019_11_29,octr-1; ex[srv11p::octr-1],OP50,Tyrosine,oct_1.0,262,1271,2.7,NA,NA,non-paralyzed,1,raw
2019_11_29,octr-1; ex[srv11p::octr-1],OP50,Tyrosine,oct_1.0,262,1272,2.5,NA,NA,non-paralyzed,1,raw
2019_11_29,octr-1; ex[srv11p::octr-1],OP50,Tyrosine,oct_1.0,262,1273,2.4,NA,NA,non-paralyzed,1,raw
2019_11_29,octr-1; ex[srv11p::octr-1],OP50,Tyrosine,oct_1.0,262,1274,3,NA,NA,non-paralyzed,1,raw
2019_11_29,octr-1; ex[srv11p::octr-1],OP50,Tyrosine,oct_1.0,262,1275,2.6,NA,NA,non-paralyzed,1,raw
2019_11_29,octr-1; ex[srv11p::octr-1],OP50,Tyrosine,oct_1.0,262,1276,1.8,NA,NA,non-paralyzed,1,raw
2019_11_29,octr-1; ex[srv11p::octr-1],OP50,Tyrosine,oct_1.0,262,1277,2.7,NA,NA,non-paralyzed,1,raw
2019_11_29,octr-1; ex[srv11p::octr-1],OP50,Tyrosine,oct_1.0,262,1278,2.3,NA,NA,non-paralyzed,1,raw
2019_11_29,octr-1; ex[srv11p::octr-1],OP50,Tyrosine,oct_1.0,262,1279,2.9,NA,NA,non-paralyzed,1,raw
2019_11_29,octr-1; ex[srv11p::octr-1],OP50,Tyrosine,oct_1.0,262,1280,6.8,NA,NA,non-paralyzed,1,raw
2019_11_29,octr-1; ex[srv11p::octr-1],OP50,Tyrosine,oct_1.0,262,1281,1.9,NA,NA,non-paralyzed,1,raw
2019_11_29,octr-1; ex[srv11p::octr-1],OP50,Tyrosine,oct_1.0,262,1282,2.7,NA,NA,non-paralyzed,1,raw
2019_11_29,octr-1; ex[srv11p::octr-1],OP50,Tyrosine,oct_1.0,262,1283,1.9,NA,NA,non-paralyzed,1,raw
2019_11_29,octr-1; ex[srv11p::octr-1],OP50,Tyrosine,oct_1.0,262,1284,2,NA,NA,non-paralyzed,1,raw
2019_11_29,octr-1; ex[srv11p::octr-1],OP50,Tyrosine,oct_1.0,262,1285,2.1,NA,NA,non-paralyzed,1,raw
2019_11_29,octr-1; ex[srv11p::octr-1],OP50,Tyrosine,oct_1.0,262,1286,1.9,NA,NA,non-paralyzed,1,raw
2019_11_29,octr-1; ex[srv11p::octr-1],JUb39,Tyrosine,oct_1.0,262,1287,1.3,NA,NA,non-paralyzed,1,raw
2019_11_29,octr-1; ex[srv11p::octr-1],JUb39,Tyrosine,oct_1.0,262,1289,5.1,NA,NA,non-paralyzed,1,raw
2019_11_29,octr-1; ex[srv11p::octr-1],JUb39,Tyrosine,oct_1.0,262,1290,5,NA,NA,non-paralyzed,1,raw
2019_11_29,octr-1; ex[srv11p::octr-1],JUb39,Tyrosine,oct_1.0,262,1291,2.7,NA,NA,non-paralyzed,1,raw
2019_11_29,octr-1; ex[srv11p::octr-1],JUb39,Tyrosine,oct_1.0,262,1292,5.1,NA,NA,non-paralyzed,1,raw
2019_11_29,octr-1; ex[srv11p::octr-1],JUb39,Tyrosine,oct_1.0,262,1294,3.9,NA,NA,non-paralyzed,1,raw
2019_11_29,octr-1; ex[srv11p::octr-1],JUb39,Tyrosine,oct_1.0,262,1296,2.7,NA,NA,non-paralyzed,1,raw
2019_11_29,octr-1; ex[srv11p::octr-1],JUb39,Tyrosine,oct_1.0,262,1297,1,NA,NA,non-paralyzed,1,raw
2019_11_29,octr-1; ex[srv11p::octr-1],JUb39,Tyrosine,oct_1.0,262,1298,2.6,NA,NA,non-paralyzed,1,raw
2019_11_29,octr-1; ex[srv11p::octr-1],JUb39,Tyrosine,oct_1.0,262,1299,1.9,NA,NA,non-paralyzed,1,raw
2019_11_29,octr-1; ex[srv11p::octr-1],JUb39,Tyrosine,oct_1.0,262,1300,1.5,NA,NA,non-paralyzed,1,raw
2019_11_29,octr-1; ex[srv11p::octr-1],JUb39,Tyrosine,oct_1.0,262,1301,2,NA,NA,non-paralyzed,1,raw
2019_11_29,octr-1; ex[srv11p::octr-1],JUb39,Tyrosine,oct_1.0,262,1302,2,NA,NA,non-paralyzed,1,raw
2019_11_29,octr-1; ex[srv11p::octr-1],JUb39,Tyrosine,oct_1.0,262,1303,3,NA,NA,non-paralyzed,1,raw
2019_11_29,octr-1; ex[srv11p::octr-1],JUb39,Tyrosine,oct_1.0,262,1304,3.9,NA,NA,non-paralyzed,1,raw
2019_11_29,octr-1; ex[srv11p::octr-1],JUb39,Tyrosine,oct_1.0,262,1305,4,NA,NA,non-paralyzed,1,raw
2019_11_29,octr-1; ex[srv11p::octr-1],JUb39,Tyrosine,oct_1.0,262,1306,1.3,NA,NA,non-paralyzed,1,raw
2019_11_29,N2,OP50,Tyrosine,oct_1.0,263,1307,3.6,NA,NA,non-paralyzed,NA,raw
2019_11_29,N2,OP50,Tyrosine,oct_1.0,263,1308,1.6,NA,NA,non-paralyzed,NA,raw
2019_11_29,N2,OP50,Tyrosine,oct_1.0,263,1309,10.1,NA,NA,non-paralyzed,NA,raw
2019_11_29,N2,OP50,Tyrosine,oct_1.0,263,1310,2.8,NA,NA,non-paralyzed,NA,raw
2019_11_29,N2,OP50,Tyrosine,oct_1.0,263,1311,5,NA,NA,non-paralyzed,NA,raw
2019_11_29,N2,OP50,Tyrosine,oct_1.0,263,1312,6.1,NA,NA,non-paralyzed,NA,raw
2019_11_29,N2,OP50,Tyrosine,oct_1.0,263,1313,2.2,NA,NA,non-paralyzed,NA,raw
2019_11_29,N2,OP50,Tyrosine,oct_1.0,263,1314,2.2,NA,NA,non-paralyzed,NA,raw
2019_11_29,N2,OP50,Tyrosine,oct_1.0,263,1315,1.2,NA,NA,non-paralyzed,NA,raw
2019_11_29,N2,OP50,Tyrosine,oct_1.0,263,1316,2.3,NA,NA,non-paralyzed,NA,raw
2019_11_29,N2,OP50,Tyrosine,oct_1.0,263,1317,4.4,NA,NA,non-paralyzed,NA,raw
2019_11_29,N2,OP50,Tyrosine,oct_1.0,263,1318,2,NA,NA,non-paralyzed,NA,raw
2019_11_29,N2,OP50,Tyrosine,oct_1.0,263,1319,4.2,NA,NA,non-paralyzed,NA,raw
2019_11_29,N2,OP50,Tyrosine,oct_1.0,263,1320,3.9,NA,NA,non-paralyzed,NA,raw
2019_11_29,N2,OP50,Tyrosine,oct_1.0,263,1321,2.1,NA,NA,non-paralyzed,NA,raw
2019_11_29,N2,OP50,Tyrosine,oct_1.0,263,1322,3,NA,NA,non-paralyzed,NA,raw
2019_11_29,N2,OP50,Tyrosine,oct_1.0,263,1323,2.2,NA,NA,non-paralyzed,NA,raw
2019_11_29,N2,OP50,Tyrosine,oct_1.0,263,1324,3.2,NA,NA,non-paralyzed,NA,raw
2019_11_29,N2,OP50,Tyrosine,oct_1.0,263,1325,3.3,NA,NA,non-paralyzed,NA,raw
2019_11_29,N2,OP50,Tyrosine,oct_1.0,263,1326,1.8,NA,NA,non-paralyzed,NA,raw
2019_11_29,N2,JUb39,Tyrosine,oct_1.0,263,1328,2,NA,NA,non-paralyzed,NA,raw
2019_11_29,N2,JUb39,Tyrosine,oct_1.0,263,1329,3,NA,NA,non-paralyzed,NA,raw
2019_11_29,N2,JUb39,Tyrosine,oct_1.0,263,1330,4.6,NA,NA,non-paralyzed,NA,raw
2019_11_29,N2,JUb39,Tyrosine,oct_1.0,263,1331,4.1,NA,NA,non-paralyzed,NA,raw
2019_11_29,N2,JUb39,Tyrosine,oct_1.0,263,1332,14.3,NA,NA,non-paralyzed,NA,raw
2019_11_29,N2,JUb39,Tyrosine,oct_1.0,263,1334,3.2,NA,NA,non-paralyzed,NA,raw
2019_11_29,N2,JUb39,Tyrosine,oct_1.0,263,1337,1.4,NA,NA,non-paralyzed,NA,raw
2019_11_29,N2,JUb39,Tyrosine,oct_1.0,263,1338,11.9,NA,NA,non-paralyzed,NA,raw
2019_11_29,N2,JUb39,Tyrosine,oct_1.0,263,1339,6.7,NA,NA,non-paralyzed,NA,raw
2019_11_29,N2,JUb39,Tyrosine,oct_1.0,263,1341,1.6,NA,NA,non-paralyzed,NA,raw
2019_11_29,N2,JUb39,Tyrosine,oct_1.0,263,1342,1.3,NA,NA,non-paralyzed,NA,raw
2019_11_29,N2,JUb39,Tyrosine,oct_1.0,263,1343,8.2,NA,NA,non-paralyzed,NA,raw
2019_11_29,N2,JUb39,Tyrosine,oct_1.0,263,1344,2,NA,NA,non-paralyzed,NA,raw
2019_11_29,N2,JUb39,Tyrosine,oct_1.0,263,1346,1.6,NA,NA,non-paralyzed,NA,raw
2019_12_03,octr-1,OP50,Tyrosine,oct_1.0,259,1147,1.4,NA,NA,NA,NA,raw
2019_12_03,octr-1,OP50,Tyrosine,oct_1.0,259,1148,1.1,NA,NA,NA,NA,raw
2019_12_03,octr-1,OP50,Tyrosine,oct_1.0,259,1149,1.4,NA,NA,NA,NA,raw
2019_12_03,octr-1,OP50,Tyrosine,oct_1.0,259,1150,2.2,NA,NA,NA,NA,raw
2019_12_03,octr-1,OP50,Tyrosine,oct_1.0,259,1151,2.6,NA,NA,NA,NA,raw
2019_12_03,octr-1,OP50,Tyrosine,oct_1.0,259,1152,1.9,NA,NA,NA,NA,raw
2019_12_03,octr-1,OP50,Tyrosine,oct_1.0,259,1153,2.4,NA,NA,NA,NA,raw
2019_12_03,octr-1,OP50,Tyrosine,oct_1.0,259,1154,4.9,NA,NA,NA,NA,raw
2019_12_03,octr-1,OP50,Tyrosine,oct_1.0,259,1155,2.3,NA,NA,NA,NA,raw
2019_12_03,octr-1,OP50,Tyrosine,oct_1.0,259,1156,3.5,NA,NA,NA,NA,raw
2019_12_03,octr-1,OP50,Tyrosine,oct_1.0,259,1157,3.6,NA,NA,NA,NA,raw
2019_12_03,octr-1,OP50,Tyrosine,oct_1.0,259,1158,2.6,NA,NA,NA,NA,raw
2019_12_03,octr-1,OP50,Tyrosine,oct_1.0,259,1159,2.1,NA,NA,NA,NA,raw
2019_12_03,octr-1,OP50,Tyrosine,oct_1.0,259,1160,3.1,NA,NA,NA,NA,raw
2019_12_03,octr-1,OP50,Tyrosine,oct_1.0,259,1161,1.9,NA,NA,NA,NA,raw
2019_12_03,octr-1,OP50,Tyrosine,oct_1.0,259,1162,2.6,NA,NA,NA,NA,raw
2019_12_03,octr-1,OP50,Tyrosine,oct_1.0,259,1163,1.8,NA,NA,NA,NA,raw
2019_12_03,octr-1,OP50,Tyrosine,oct_1.0,259,1164,1.9,NA,NA,NA,NA,raw
2019_12_03,octr-1,OP50,Tyrosine,oct_1.0,259,1165,1.4,NA,NA,NA,NA,raw
2019_12_03,octr-1,OP50,Tyrosine,oct_1.0,259,1166,1.4,NA,NA,NA,NA,raw
2019_12_03,octr-1,JUb39,Tyrosine,oct_1.0,259,1167,1.8,NA,NA,NA,NA,raw
2019_12_03,octr-1,JUb39,Tyrosine,oct_1.0,259,1168,0.6,NA,NA,NA,NA,raw
2019_12_03,octr-1,JUb39,Tyrosine,oct_1.0,259,1169,1.4,NA,NA,NA,NA,raw
2019_12_03,octr-1,JUb39,Tyrosine,oct_1.0,259,1170,1.7,NA,NA,NA,NA,raw
2019_12_03,octr-1,JUb39,Tyrosine,oct_1.0,259,1171,1.4,NA,NA,NA,NA,raw
2019_12_03,octr-1,JUb39,Tyrosine,oct_1.0,259,1172,2.1,NA,NA,NA,NA,raw
2019_12_03,octr-1,JUb39,Tyrosine,oct_1.0,259,1173,1,NA,NA,NA,NA,raw
2019_12_03,octr-1,JUb39,Tyrosine,oct_1.0,259,1174,2,NA,NA,NA,NA,raw
2019_12_03,octr-1,JUb39,Tyrosine,oct_1.0,259,1175,2.5,NA,NA,NA,NA,raw
2019_12_03,octr-1,JUb39,Tyrosine,oct_1.0,259,1176,1.3,NA,NA,NA,NA,raw
2019_12_03,octr-1,JUb39,Tyrosine,oct_1.0,259,1177,2.2,NA,NA,NA,NA,raw
2019_12_03,octr-1,JUb39,Tyrosine,oct_1.0,259,1178,3,NA,NA,NA,NA,raw
2019_12_03,octr-1,JUb39,Tyrosine,oct_1.0,259,1179,3,NA,NA,NA,NA,raw
2019_12_03,octr-1,JUb39,Tyrosine,oct_1.0,259,1180,5.2,NA,NA,NA,NA,raw
2019_12_03,octr-1,JUb39,Tyrosine,oct_1.0,259,1181,3.1,NA,NA,NA,NA,raw
2019_12_03,octr-1,JUb39,Tyrosine,oct_1.0,259,1182,2.3,NA,NA,NA,NA,raw
2019_12_03,octr-1,JUb39,Tyrosine,oct_1.0,259,1183,2.2,NA,NA,NA,NA,raw
2019_12_03,octr-1,JUb39,Tyrosine,oct_1.0,259,1184,1.9,NA,NA,NA,NA,raw
2019_12_03,octr-1,JUb39,Tyrosine,oct_1.0,259,1185,3,NA,NA,NA,NA,raw
2019_12_03,octr-1,JUb39,Tyrosine,oct_1.0,259,1186,0.9,NA,NA,NA,NA,raw
2019_12_03,octr-1; ex[srv11p::octr-1],OP50,Tyrosine,oct_1.0,261,1187,1.3,NA,NA,NA,5,raw
2019_12_03,octr-1; ex[srv11p::octr-1],OP50,Tyrosine,oct_1.0,261,1188,0.9,NA,NA,NA,5,raw
2019_12_03,octr-1; ex[srv11p::octr-1],OP50,Tyrosine,oct_1.0,261,1189,1.1,NA,NA,NA,5,raw
2019_12_03,octr-1; ex[srv11p::octr-1],OP50,Tyrosine,oct_1.0,261,1190,1.9,NA,NA,NA,5,raw
2019_12_03,octr-1; ex[srv11p::octr-1],OP50,Tyrosine,oct_1.0,261,1191,1,NA,NA,NA,5,raw
2019_12_03,octr-1; ex[srv11p::octr-1],OP50,Tyrosine,oct_1.0,261,1192,0.9,NA,NA,NA,5,raw
2019_12_03,octr-1; ex[srv11p::octr-1],OP50,Tyrosine,oct_1.0,261,1193,1.3,NA,NA,NA,5,raw
2019_12_03,octr-1; ex[srv11p::octr-1],OP50,Tyrosine,oct_1.0,261,1194,2.1,NA,NA,NA,5,raw
2019_12_03,octr-1; ex[srv11p::octr-1],OP50,Tyrosine,oct_1.0,261,1195,1.5,NA,NA,NA,5,raw
2019_12_03,octr-1; ex[srv11p::octr-1],OP50,Tyrosine,oct_1.0,261,1196,2.2,NA,NA,NA,5,raw
2019_12_03,octr-1; ex[srv11p::octr-1],OP50,Tyrosine,oct_1.0,261,1197,3.9,NA,NA,NA,5,raw
2019_12_03,octr-1; ex[srv11p::octr-1],OP50,Tyrosine,oct_1.0,261,1198,0.9,NA,NA,NA,5,raw
2019_12_03,octr-1; ex[srv11p::octr-1],OP50,Tyrosine,oct_1.0,261,1199,1.1,NA,NA,NA,5,raw
2019_12_03,octr-1; ex[srv11p::octr-1],OP50,Tyrosine,oct_1.0,261,1200,0.9,NA,NA,NA,5,raw
2019_12_03,octr-1; ex[srv11p::octr-1],OP50,Tyrosine,oct_1.0,261,1201,2.5,NA,NA,NA,5,raw
2019_12_03,octr-1; ex[srv11p::octr-1],OP50,Tyrosine,oct_1.0,261,1202,1.7,NA,NA,NA,5,raw
2019_12_03,octr-1; ex[srv11p::octr-1],OP50,Tyrosine,oct_1.0,261,1203,1.3,NA,NA,NA,5,raw
2019_12_03,octr-1; ex[srv11p::octr-1],OP50,Tyrosine,oct_1.0,261,1204,1.2,NA,NA,NA,5,raw
2019_12_03,octr-1; ex[srv11p::octr-1],OP50,Tyrosine,oct_1.0,261,1205,2.1,NA,NA,NA,5,raw
2019_12_03,octr-1; ex[srv11p::octr-1],OP50,Tyrosine,oct_1.0,261,1206,1.3,NA,NA,NA,5,raw
2019_12_03,octr-1; ex[srv11p::octr-1],JUb39,Tyrosine,oct_1.0,261,1207,12,NA,NA,NA,5,raw
2019_12_03,octr-1; ex[srv11p::octr-1],JUb39,Tyrosine,oct_1.0,261,1208,2.2,NA,NA,NA,5,raw
2019_12_03,octr-1; ex[srv11p::octr-1],JUb39,Tyrosine,oct_1.0,261,1209,2.7,NA,NA,NA,5,raw
2019_12_03,octr-1; ex[srv11p::octr-1],JUb39,Tyrosine,oct_1.0,261,1210,2.8,NA,NA,NA,5,raw
2019_12_03,octr-1; ex[srv11p::octr-1],JUb39,Tyrosine,oct_1.0,261,1211,4.4,NA,NA,NA,5,raw
2019_12_03,octr-1; ex[srv11p::octr-1],JUb39,Tyrosine,oct_1.0,261,1212,2.2,NA,NA,NA,5,raw
2019_12_03,octr-1; ex[srv11p::octr-1],JUb39,Tyrosine,oct_1.0,261,1213,2.5,NA,NA,NA,5,raw
2019_12_03,octr-1; ex[srv11p::octr-1],JUb39,Tyrosine,oct_1.0,261,1214,2,NA,NA,NA,5,raw
2019_12_03,octr-1; ex[srv11p::octr-1],JUb39,Tyrosine,oct_1.0,261,1215,2.7,NA,NA,NA,5,raw
2019_12_03,octr-1; ex[srv11p::octr-1],JUb39,Tyrosine,oct_1.0,261,1216,2.3,NA,NA,NA,5,raw
2019_12_03,octr-1; ex[srv11p::octr-1],JUb39,Tyrosine,oct_1.0,261,1217,3.1,NA,NA,NA,5,raw
2019_12_03,octr-1; ex[srv11p::octr-1],JUb39,Tyrosine,oct_1.0,261,1218,2.1,NA,NA,NA,5,raw
2019_12_03,octr-1; ex[srv11p::octr-1],JUb39,Tyrosine,oct_1.0,261,1219,9,NA,NA,NA,5,raw
2019_12_03,octr-1; ex[srv11p::octr-1],JUb39,Tyrosine,oct_1.0,261,1220,2.8,NA,NA,NA,5,raw
2019_12_03,octr-1; ex[srv11p::octr-1],JUb39,Tyrosine,oct_1.0,261,1221,2.1,NA,NA,NA,5,raw
2019_12_03,octr-1; ex[srv11p::octr-1],JUb39,Tyrosine,oct_1.0,261,1222,2.5,NA,NA,NA,5,raw
2019_12_03,octr-1; ex[srv11p::octr-1],JUb39,Tyrosine,oct_1.0,261,1223,1.6,NA,NA,NA,5,raw
2019_12_03,octr-1; ex[srv11p::octr-1],JUb39,Tyrosine,oct_1.0,261,1224,1.3,NA,NA,NA,5,raw
2019_12_03,octr-1; ex[srv11p::octr-1],JUb39,Tyrosine,oct_1.0,261,1225,2.2,NA,NA,NA,5,raw
2019_12_03,octr-1; ex[srv11p::octr-1],JUb39,Tyrosine,oct_1.0,261,1226,1.7,NA,NA,NA,5,raw
2019_12_03,octr-1; ex[srg47p::octr-1],OP50,Tyrosine,oct_1.0,261,1227,0.7,NA,NA,NA,1,raw
2019_12_03,octr-1; ex[srg47p::octr-1],OP50,Tyrosine,oct_1.0,261,1228,0.9,NA,NA,NA,1,raw
2019_12_03,octr-1; ex[srg47p::octr-1],OP50,Tyrosine,oct_1.0,261,1229,6.8,NA,NA,NA,1,raw
2019_12_03,octr-1; ex[srg47p::octr-1],OP50,Tyrosine,oct_1.0,261,1230,1.6,NA,NA,NA,1,raw
2019_12_03,octr-1; ex[srg47p::octr-1],OP50,Tyrosine,oct_1.0,261,1231,2.4,NA,NA,NA,1,raw
2019_12_03,octr-1; ex[srg47p::octr-1],OP50,Tyrosine,oct_1.0,261,1232,1.9,NA,NA,NA,1,raw
2019_12_03,octr-1; ex[srg47p::octr-1],OP50,Tyrosine,oct_1.0,261,1233,1.7,NA,NA,NA,1,raw
2019_12_03,octr-1; ex[srg47p::octr-1],OP50,Tyrosine,oct_1.0,261,1234,4.5,NA,NA,NA,1,raw
2019_12_03,octr-1; ex[srg47p::octr-1],OP50,Tyrosine,oct_1.0,261,1235,0.7,NA,NA,NA,1,raw
2019_12_03,octr-1; ex[srg47p::octr-1],OP50,Tyrosine,oct_1.0,261,1236,1,NA,NA,NA,1,raw
2019_12_03,octr-1; ex[srg47p::octr-1],OP50,Tyrosine,oct_1.0,261,1237,2.9,NA,NA,NA,1,raw
2019_12_03,octr-1; ex[srg47p::octr-1],OP50,Tyrosine,oct_1.0,261,1238,2.3,NA,NA,NA,1,raw
2019_12_03,octr-1; ex[srg47p::octr-1],OP50,Tyrosine,oct_1.0,261,1239,1.3,NA,NA,NA,1,raw
2019_12_03,octr-1; ex[srg47p::octr-1],OP50,Tyrosine,oct_1.0,261,1240,2.4,NA,NA,NA,1,raw
2019_12_03,octr-1; ex[srg47p::octr-1],OP50,Tyrosine,oct_1.0,261,1241,3.6,NA,NA,NA,1,raw
2019_12_03,octr-1; ex[srg47p::octr-1],OP50,Tyrosine,oct_1.0,261,1242,4.4,NA,NA,NA,1,raw
2019_12_03,octr-1; ex[srg47p::octr-1],OP50,Tyrosine,oct_1.0,261,1243,2.8,NA,NA,NA,1,raw
2019_12_03,octr-1; ex[srg47p::octr-1],OP50,Tyrosine,oct_1.0,261,1244,3.6,NA,NA,NA,1,raw
2019_12_03,octr-1; ex[srg47p::octr-1],OP50,Tyrosine,oct_1.0,261,1245,4.7,NA,NA,NA,1,raw
2019_12_03,octr-1; ex[srg47p::octr-1],OP50,Tyrosine,oct_1.0,261,1246,0.7,NA,NA,NA,1,raw
2019_12_03,octr-1; ex[srg47p::octr-1],JUb39,Tyrosine,oct_1.0,261,1248,2.2,NA,NA,NA,1,raw
2019_12_03,octr-1; ex[srg47p::octr-1],JUb39,Tyrosine,oct_1.0,261,1249,3.5,NA,NA,NA,1,raw
2019_12_03,octr-1; ex[srg47p::octr-1],JUb39,Tyrosine,oct_1.0,261,1250,1.2,NA,NA,NA,1,raw
2019_12_03,octr-1; ex[srg47p::octr-1],JUb39,Tyrosine,oct_1.0,261,1251,2.1,NA,NA,NA,1,raw
2019_12_03,octr-1; ex[srg47p::octr-1],JUb39,Tyrosine,oct_1.0,261,1253,1.8,NA,NA,NA,1,raw
2019_12_03,octr-1; ex[srg47p::octr-1],JUb39,Tyrosine,oct_1.0,261,1254,2.6,NA,NA,NA,1,raw
2019_12_03,octr-1; ex[srg47p::octr-1],JUb39,Tyrosine,oct_1.0,261,1256,3,NA,NA,NA,1,raw
2019_12_03,octr-1; ex[srg47p::octr-1],JUb39,Tyrosine,oct_1.0,261,1257,10.1,NA,NA,NA,1,raw
2019_12_03,octr-1; ex[srg47p::octr-1],JUb39,Tyrosine,oct_1.0,261,1258,1.7,NA,NA,NA,1,raw
2019_12_03,octr-1; ex[srg47p::octr-1],JUb39,Tyrosine,oct_1.0,261,1259,6.6,NA,NA,NA,1,raw
2019_12_03,octr-1; ex[srg47p::octr-1],JUb39,Tyrosine,oct_1.0,261,1261,2.1,NA,NA,NA,1,raw
2019_12_03,octr-1; ex[srg47p::octr-1],JUb39,Tyrosine,oct_1.0,261,1262,2.9,NA,NA,NA,1,raw
2019_12_03,octr-1; ex[srv11p::octr-1],OP50,Tyrosine,oct_1.0,262,1267,1.1,NA,NA,NA,1,raw
2019_12_03,octr-1; ex[srv11p::octr-1],OP50,Tyrosine,oct_1.0,262,1268,1.7,NA,NA,NA,1,raw
2019_12_03,octr-1; ex[srv11p::octr-1],OP50,Tyrosine,oct_1.0,262,1269,1,NA,NA,NA,1,raw
2019_12_03,octr-1; ex[srv11p::octr-1],OP50,Tyrosine,oct_1.0,262,1270,1,NA,NA,NA,1,raw
2019_12_03,octr-1; ex[srv11p::octr-1],OP50,Tyrosine,oct_1.0,262,1271,1.8,NA,NA,NA,1,raw
2019_12_03,octr-1; ex[srv11p::octr-1],OP50,Tyrosine,oct_1.0,262,1272,1.6,NA,NA,NA,1,raw
2019_12_03,octr-1; ex[srv11p::octr-1],OP50,Tyrosine,oct_1.0,262,1273,0.8,NA,NA,NA,1,raw
2019_12_03,octr-1; ex[srv11p::octr-1],OP50,Tyrosine,oct_1.0,262,1274,1.6,NA,NA,NA,1,raw
2019_12_03,octr-1; ex[srv11p::octr-1],OP50,Tyrosine,oct_1.0,262,1275,1,NA,NA,NA,1,raw
2019_12_03,octr-1; ex[srv11p::octr-1],OP50,Tyrosine,oct_1.0,262,1276,1,NA,NA,NA,1,raw
2019_12_03,octr-1; ex[srv11p::octr-1],OP50,Tyrosine,oct_1.0,262,1277,2.8,NA,NA,NA,1,raw
2019_12_03,octr-1; ex[srv11p::octr-1],OP50,Tyrosine,oct_1.0,262,1278,0.9,NA,NA,NA,1,raw
2019_12_03,octr-1; ex[srv11p::octr-1],OP50,Tyrosine,oct_1.0,262,1279,1.2,NA,NA,NA,1,raw
2019_12_03,octr-1; ex[srv11p::octr-1],OP50,Tyrosine,oct_1.0,262,1280,1.1,NA,NA,NA,1,raw
2019_12_03,octr-1; ex[srv11p::octr-1],OP50,Tyrosine,oct_1.0,262,1281,1.6,NA,NA,NA,1,raw
2019_12_03,octr-1; ex[srv11p::octr-1],OP50,Tyrosine,oct_1.0,262,1282,0.8,NA,NA,NA,1,raw
2019_12_03,octr-1; ex[srv11p::octr-1],OP50,Tyrosine,oct_1.0,262,1283,1.2,NA,NA,NA,1,raw
2019_12_03,octr-1; ex[srv11p::octr-1],OP50,Tyrosine,oct_1.0,262,1284,1.5,NA,NA,NA,1,raw
2019_12_03,octr-1; ex[srv11p::octr-1],OP50,Tyrosine,oct_1.0,262,1285,3.1,NA,NA,NA,1,raw
2019_12_03,octr-1; ex[srv11p::octr-1],OP50,Tyrosine,oct_1.0,262,1286,0.6,NA,NA,NA,1,raw
2019_12_03,octr-1; ex[srv11p::octr-1],JUb39,Tyrosine,oct_1.0,262,1287,0.8,NA,NA,NA,1,raw
2019_12_03,octr-1; ex[srv11p::octr-1],JUb39,Tyrosine,oct_1.0,262,1288,0.7,NA,NA,NA,1,raw
2019_12_03,octr-1; ex[srv11p::octr-1],JUb39,Tyrosine,oct_1.0,262,1289,1.4,NA,NA,NA,1,raw
2019_12_03,octr-1; ex[srv11p::octr-1],JUb39,Tyrosine,oct_1.0,262,1290,2.3,NA,NA,NA,1,raw
2019_12_03,octr-1; ex[srv11p::octr-1],JUb39,Tyrosine,oct_1.0,262,1291,1.5,NA,NA,NA,1,raw
2019_12_03,octr-1; ex[srv11p::octr-1],JUb39,Tyrosine,oct_1.0,262,1292,2.1,NA,NA,NA,1,raw
2019_12_03,octr-1; ex[srv11p::octr-1],JUb39,Tyrosine,oct_1.0,262,1293,3.3,NA,NA,NA,1,raw
2019_12_03,octr-1; ex[srv11p::octr-1],JUb39,Tyrosine,oct_1.0,262,1294,3,NA,NA,NA,1,raw
2019_12_03,octr-1; ex[srv11p::octr-1],JUb39,Tyrosine,oct_1.0,262,1295,1.7,NA,NA,NA,1,raw
2019_12_03,octr-1; ex[srv11p::octr-1],JUb39,Tyrosine,oct_1.0,262,1296,2.4,NA,NA,NA,1,raw
2019_12_03,octr-1; ex[srv11p::octr-1],JUb39,Tyrosine,oct_1.0,262,1297,2,NA,NA,NA,1,raw
2019_12_03,octr-1; ex[srv11p::octr-1],JUb39,Tyrosine,oct_1.0,262,1298,2.4,NA,NA,NA,1,raw
2019_12_03,octr-1; ex[srv11p::octr-1],JUb39,Tyrosine,oct_1.0,262,1299,5.4,NA,NA,NA,1,raw
2019_12_03,octr-1; ex[srv11p::octr-1],JUb39,Tyrosine,oct_1.0,262,1300,4.2,NA,NA,NA,1,raw
2019_12_03,octr-1; ex[srv11p::octr-1],JUb39,Tyrosine,oct_1.0,262,1301,2.2,NA,NA,NA,1,raw
2019_12_03,octr-1; ex[srv11p::octr-1],JUb39,Tyrosine,oct_1.0,262,1302,6.5,NA,NA,NA,1,raw
2019_12_03,octr-1; ex[srv11p::octr-1],JUb39,Tyrosine,oct_1.0,262,1304,2.2,NA,NA,NA,1,raw
2019_12_03,octr-1; ex[srv11p::octr-1],JUb39,Tyrosine,oct_1.0,262,1305,10.4,NA,NA,NA,1,raw
2019_12_03,N2,OP50,Tyrosine,oct_1.0,263,1307,1.1,NA,NA,NA,NA,raw
2019_12_03,N2,OP50,Tyrosine,oct_1.0,263,1308,1.6,NA,NA,NA,NA,raw
2019_12_03,N2,OP50,Tyrosine,oct_1.0,263,1309,1,NA,NA,NA,NA,raw
2019_12_03,N2,OP50,Tyrosine,oct_1.0,263,1310,1,NA,NA,NA,NA,raw
2019_12_03,N2,OP50,Tyrosine,oct_1.0,263,1311,2.2,NA,NA,NA,NA,raw
2019_12_03,N2,OP50,Tyrosine,oct_1.0,263,1312,0.7,NA,NA,NA,NA,raw
2019_12_03,N2,OP50,Tyrosine,oct_1.0,263,1313,0.5,NA,NA,NA,NA,raw
2019_12_03,N2,OP50,Tyrosine,oct_1.0,263,1314,3.2,NA,NA,NA,NA,raw
2019_12_03,N2,OP50,Tyrosine,oct_1.0,263,1315,1.1,NA,NA,NA,NA,raw
2019_12_03,N2,OP50,Tyrosine,oct_1.0,263,1316,2,NA,NA,NA,NA,raw
2019_12_03,N2,OP50,Tyrosine,oct_1.0,263,1317,0.6,NA,NA,NA,NA,raw
2019_12_03,N2,OP50,Tyrosine,oct_1.0,263,1318,1.6,NA,NA,NA,NA,raw
2019_12_03,N2,OP50,Tyrosine,oct_1.0,263,1319,1.7,NA,NA,NA,NA,raw
2019_12_03,N2,OP50,Tyrosine,oct_1.0,263,1320,1.6,NA,NA,NA,NA,raw
2019_12_03,N2,OP50,Tyrosine,oct_1.0,263,1321,1,NA,NA,NA,NA,raw
2019_12_03,N2,OP50,Tyrosine,oct_1.0,263,1322,0.7,NA,NA,NA,NA,raw
2019_12_03,N2,OP50,Tyrosine,oct_1.0,263,1323,0.9,NA,NA,NA,NA,raw
2019_12_03,N2,OP50,Tyrosine,oct_1.0,263,1324,1.6,NA,NA,NA,NA,raw
2019_12_03,N2,OP50,Tyrosine,oct_1.0,263,1325,1.1,NA,NA,NA,NA,raw
2019_12_03,N2,OP50,Tyrosine,oct_1.0,263,1326,2,NA,NA,NA,NA,raw
2019_12_03,N2,JUb39,Tyrosine,oct_1.0,263,1329,1.3,NA,NA,NA,NA,raw
2019_12_03,N2,JUb39,Tyrosine,oct_1.0,263,1330,2.6,NA,NA,NA,NA,raw
2019_12_03,N2,JUb39,Tyrosine,oct_1.0,263,1331,6.3,NA,NA,NA,NA,raw
2019_12_03,N2,JUb39,Tyrosine,oct_1.0,263,1334,2.7,NA,NA,NA,NA,raw
2019_12_03,N2,JUb39,Tyrosine,oct_1.0,263,1335,4.8,NA,NA,NA,NA,raw
2019_12_03,N2,JUb39,Tyrosine,oct_1.0,263,1336,1.2,NA,NA,NA,NA,raw
2019_12_03,N2,JUb39,Tyrosine,oct_1.0,263,1340,1.9,NA,NA,NA,NA,raw
2019_12_03,N2,JUb39,Tyrosine,oct_1.0,263,1341,7.1,NA,NA,NA,NA,raw
2019_12_03,N2,JUb39,Tyrosine,oct_1.0,263,1342,1.3,NA,NA,NA,NA,raw
2019_12_03,N2,JUb39,Tyrosine,oct_1.0,263,1343,4.7,NA,NA,NA,NA,raw
2019_12_03,N2,JUb39,Tyrosine,oct_1.0,263,1344,1.7,NA,NA,NA,NA,raw
2019_12_03,N2,JUb39,Tyrosine,oct_1.0,263,1345,3.4,NA,NA,NA,NA,raw
2019_12_03,N2,JUb39,Tyrosine,oct_1.0,263,1346,9.2,NA,NA,NA,NA,raw
2019_12_03,octr-1; ex[srg47p::octr-1],OP50,Tyrosine,oct_1.0,261,1227,10.7,NA,NA,NA,2,raw
2019_12_03,octr-1; ex[srg47p::octr-1],OP50,Tyrosine,oct_1.0,261,1228,3,NA,NA,NA,2,raw
2019_12_03,octr-1; ex[srg47p::octr-1],OP50,Tyrosine,oct_1.0,261,1229,3.8,NA,NA,NA,2,raw
2019_12_03,octr-1; ex[srg47p::octr-1],OP50,Tyrosine,oct_1.0,261,1230,8.1,NA,NA,NA,2,raw
2019_12_03,octr-1; ex[srg47p::octr-1],OP50,Tyrosine,oct_1.0,261,1231,2.1,NA,NA,NA,2,raw
2019_12_03,octr-1; ex[srg47p::octr-1],OP50,Tyrosine,oct_1.0,261,1232,7.9,NA,NA,NA,2,raw
2019_12_03,octr-1; ex[srg47p::octr-1],OP50,Tyrosine,oct_1.0,261,1233,1.2,NA,NA,NA,2,raw
2019_12_03,octr-1; ex[srg47p::octr-1],OP50,Tyrosine,oct_1.0,261,1234,1.2,NA,NA,NA,2,raw
2019_12_03,octr-1; ex[srg47p::octr-1],OP50,Tyrosine,oct_1.0,261,1235,2.8,NA,NA,NA,2,raw
2019_12_03,octr-1; ex[srg47p::octr-1],OP50,Tyrosine,oct_1.0,261,1236,0.8,NA,NA,NA,2,raw
2019_12_03,octr-1; ex[srg47p::octr-1],OP50,Tyrosine,oct_1.0,261,1237,0.7,NA,NA,NA,2,raw
2019_12_03,octr-1; ex[srg47p::octr-1],OP50,Tyrosine,oct_1.0,261,1238,2.9,NA,NA,NA,2,raw
2019_12_03,octr-1; ex[srg47p::octr-1],OP50,Tyrosine,oct_1.0,261,1239,3.6,NA,NA,NA,2,raw
2019_12_03,octr-1; ex[srg47p::octr-1],OP50,Tyrosine,oct_1.0,261,1240,2.8,NA,NA,NA,2,raw
2019_12_03,octr-1; ex[srg47p::octr-1],OP50,Tyrosine,oct_1.0,261,1241,2.4,NA,NA,NA,2,raw
2019_12_03,octr-1; ex[srg47p::octr-1],OP50,Tyrosine,oct_1.0,261,1242,1.6,NA,NA,NA,2,raw
2019_12_03,octr-1; ex[srg47p::octr-1],OP50,Tyrosine,oct_1.0,261,1243,1.6,NA,NA,NA,2,raw
2019_12_03,octr-1; ex[srg47p::octr-1],OP50,Tyrosine,oct_1.0,261,1244,1.1,NA,NA,NA,2,raw
2019_12_03,octr-1; ex[srg47p::octr-1],OP50,Tyrosine,oct_1.0,261,1245,2.3,NA,NA,NA,2,raw
2019_12_03,octr-1; ex[srg47p::octr-1],OP50,Tyrosine,oct_1.0,261,1246,1.3,NA,NA,NA,2,raw
2019_12_03,octr-1; ex[srg47p::octr-1],JUb39,Tyrosine,oct_1.0,261,1247,4.9,NA,NA,NA,2,raw
2019_12_03,octr-1; ex[srg47p::octr-1],JUb39,Tyrosine,oct_1.0,261,1248,2.7,NA,NA,NA,2,raw
2019_12_03,octr-1; ex[srg47p::octr-1],JUb39,Tyrosine,oct_1.0,261,1249,7.7,NA,NA,NA,2,raw
2019_12_03,octr-1; ex[srg47p::octr-1],JUb39,Tyrosine,oct_1.0,261,1250,1.5,NA,NA,NA,2,raw
2019_12_03,octr-1; ex[srg47p::octr-1],JUb39,Tyrosine,oct_1.0,261,1251,6.9,NA,NA,NA,2,raw
2019_12_03,octr-1; ex[srg47p::octr-1],JUb39,Tyrosine,oct_1.0,261,1253,3.4,NA,NA,NA,2,raw
2019_12_03,octr-1; ex[srg47p::octr-1],JUb39,Tyrosine,oct_1.0,261,1254,3.7,NA,NA,NA,2,raw
2019_12_03,octr-1; ex[srg47p::octr-1],JUb39,Tyrosine,oct_1.0,261,1255,4.6,NA,NA,NA,2,raw
2019_12_03,octr-1; ex[srg47p::octr-1],JUb39,Tyrosine,oct_1.0,261,1258,3.4,NA,NA,NA,2,raw
2019_12_03,octr-1; ex[srg47p::octr-1],JUb39,Tyrosine,oct_1.0,261,1260,3.4,NA,NA,NA,2,raw
2019_12_03,octr-1; ex[srg47p::octr-1],JUb39,Tyrosine,oct_1.0,261,1261,1.4,NA,NA,NA,2,raw
2019_12_03,octr-1; ex[srg47p::octr-1],JUb39,Tyrosine,oct_1.0,261,1262,4.6,NA,NA,NA,2,raw
2019_12_03,octr-1; ex[srg47p::octr-1],JUb39,Tyrosine,oct_1.0,261,1263,2.1,NA,NA,NA,2,raw
2019_12_03,octr-1; ex[srg47p::octr-1],JUb39,Tyrosine,oct_1.0,261,1264,3.2,NA,NA,NA,2,raw
2019_12_03,octr-1; ex[srg47p::octr-1],JUb39,Tyrosine,oct_1.0,261,1265,2.7,NA,NA,NA,2,raw
2019_12_03,octr-1; ex[srg47p::octr-1],JUb39,Tyrosine,oct_1.0,261,1266,3.4,NA,NA,NA,2,raw
